{
	"Каро Top": {
		"users": {
			"20": {
				"count": 2
			},
			"66": {
				"count": 0
			},
			"111": {
				"count": 0
			},
			"142": {
				"count": 0
			}
		},
		"balance": 67500,
		"bank": 30000,
		"people": 4,
		"counts": 0,
		"owner": 483398970
	},
	"МТС Россия": {
		"users": {
			"4": {
				"count": 0
			},
			"23": {
				"count": 0
			},
			"56": {
				"count": 0
			},
			"69": {
				"count": 1
			},
			"80": {
				"count": 0
			}
		},
		"balance": 17500,
		"bank": 15000,
		"people": 5,
		"counts": 0,
		"owner": 483398970
	},
	"Admins Team": {
		"users": {
			"1": {
				"count": 0
			},
			"96": {
				"count": 2
			},
			"119": {
				"count": 0
			},
			"121": {
				"count": 0
			}
		},
		"balance": 124000,
		"bank": 30000,
		"people": 4,
		"counts": 0,
		"owner": 160037573
	},
	"🔥готовые🔥ЧБУРЕКИ🔥": {
		"users": {
			"22": {
				"count": 0
			},
			"30": {
				"count": 0
			},
			"74": {
				"count": 0
			},
			"93": {
				"count": 0
			}
		},
		"balance": 11000,
		"bank": 0,
		"people": 4,
		"counts": 0,
		"owner": 493123299
	},
	"Team Friends": {
		"users": {
			"6": {
				"count": 0
			},
			"45": {
				"count": 1
			},
			"97": {
				"count": 0
			},
			"125": {
				"count": 0
			}
		},
		"balance": 16000,
		"bank": 15000,
		"people": 4,
		"counts": 0,
		"owner": 509750348
	}
}