{
	"point": {
		"1": {
			"log": [
				"[19:58:39 | 03:10:2018 | Pay] Выдал [ID: 1] игроку [ID: 6] -> 1$\n",
				"[08:57:35 | 04:10:2018 | Pay] Выдал [ID: 11] игроку [ID: 1] -> 408305$\n",
				"[15:17:35 | 04:10:2018 | Pay] Выдал [ID: 1] игроку [ID: 40] -> 10000$\n",
				"[20:29:08 | 04:10:2018 | Pay] Выдал [ID: 1] игроку [ID: 58] -> 1$\n",
				"[12:23:49 | 05:10:2018 | Pay] Выдал [ID: 96] игроку [ID: 1] -> 1$\n"
			]
		},
		"4": {
			"log": [
				"[00:13:21 | 05:10:2018 | Pay] Выдал [ID: 4] игроку [ID: 22] -> 1$\n",
				"[00:13:39 | 05:10:2018 | Pay] Выдал [ID: 4] игроку [ID: 22] -> 1000000000$\n",
				"[06:04:53 | 05:10:2018 | Pay] Выдал [ID: 4] игроку [ID: 7] -> 1$\n",
				"[06:05:04 | 05:10:2018 | Pay] Выдал [ID: 4] игроку [ID: 7] -> 1000000$\n",
				"[06:05:24 | 05:10:2018 | Pay] Выдал [ID: 4] игроку [ID: 77] -> 1000000$\n",
				"[08:35:35 | 05:10:2018 | Pay] Выдал [ID: 4] игроку [ID: 20] -> 8000000$\n",
				"[17:43:30 | 05:10:2018 | Pay] Выдал [ID: 4] игроку [ID: 20] -> 20000000$\n"
			]
		},
		"6": {
			"log": [
				"[19:58:39 | 03:10:2018 | Pay] Выдал [ID: 1] игроку [ID: 6] -> 1$\n",
				"[11:56:50 | 06:10:2018 | Pay] Выдал [ID: 74] игроку [ID: 6] -> 5000000$\n"
			]
		},
		"7": {
			"log": [
				"[15:21:26 | 04:10:2018 | Pay] Выдал [ID: 7] игроку [ID: 7] -> 1000000$\n",
				"[15:21:26 | 04:10:2018 | Pay] Выдал [ID: 7] игроку [ID: 7] -> 1000000$\n",
				"[06:04:53 | 05:10:2018 | Pay] Выдал [ID: 4] игроку [ID: 7] -> 1$\n",
				"[06:05:04 | 05:10:2018 | Pay] Выдал [ID: 4] игроку [ID: 7] -> 1000000$\n",
				"[18:28:52 | 06:10:2018 | Pay] Выдал [ID: 7] игроку [ID: 67] -> 1000000$\n",
				"[18:36:13 | 06:10:2018 | Pay] Выдал [ID: 67] игроку [ID: 7] -> 1$\n"
			]
		},
		"9": {
			"log": [
				"[21:45:51 | 04:10:2018 | Pay] Выдал [ID: 9] игроку [ID: 66] -> 1$\n",
				"[17:24:33 | 06:10:2018 | Pay] Выдал [ID: 9] игроку [ID: 45] -> 3000000$\n",
				"[19:54:49 | 06:10:2018 | Pay] Выдал [ID: 9] игроку [ID: 69] -> 4000000$\n"
			]
		},
		"10": {
			"log": [
				"[12:02:59 | 06:10:2018 | Pay] Выдал [ID: 121] игроку [ID: 10] -> 6000000$\n"
			]
		},
		"11": {
			"log": [
				"[08:57:35 | 04:10:2018 | Pay] Выдал [ID: 11] игроку [ID: 1] -> 408305$\n",
				"[09:13:30 | 04:10:2018 | Pay] Выдал [ID: 11] игроку [ID: 21] -> 1000000$\n",
				"[09:29:45 | 04:10:2018 | Pay] Выдал [ID: 11] игроку [ID: 21] -> 541050$\n"
			]
		},
		"20": {
			"log": [
				"[05:31:22 | 06:10:2018 | Pay] Выдал [ID: 20] игроку [ID: 74] -> 5000000$\n",
				"[05:41:32 | 06:10:2018 | Pay] Выдал [ID: 20] игроку [ID: 74] -> 5000000$\n",
				"[05:51:42 | 06:10:2018 | Pay] Выдал [ID: 20] игроку [ID: 74] -> 5000000$\n",
				"[06:01:52 | 06:10:2018 | Pay] Выдал [ID: 20] игроку [ID: 74] -> 5000000$\n",
				"[06:12:02 | 06:10:2018 | Pay] Выдал [ID: 20] игроку [ID: 74] -> 5000000$\n",
				"[06:22:12 | 06:10:2018 | Pay] Выдал [ID: 20] игроку [ID: 74] -> 5000000$\n",
				"[06:32:22 | 06:10:2018 | Pay] Выдал [ID: 20] игроку [ID: 74] -> 5000000$\n",
				"[06:42:32 | 06:10:2018 | Pay] Выдал [ID: 20] игроку [ID: 74] -> 5000000$\n",
				"[06:52:46 | 06:10:2018 | Pay] Выдал [ID: 20] игроку [ID: 74] -> 5000000$\n",
				"[09:49:59 | 06:10:2018 | Pay] Выдал [ID: 20] игроку [ID: 74] -> 10000000$\n",
				"[15:55:41 | 06:10:2018 | Pay] Выдал [ID: 20] игроку [ID: 146] -> 10000000$\n",
				"[16:23:29 | 06:10:2018 | Pay] Выдал [ID: 20] игроку [ID: 142] -> 10000000$\n",
				"[16:56:33 | 06:10:2018 | Pay] Выдал [ID: 20] игроку [ID: 142] -> 10000000$\n",
				"[17:04:26 | 06:10:2018 | Pay] Выдал [ID: 20] игроку [ID: 142] -> 5000000$\n"
			]
		},
		"21": {
			"log": [
				"[09:13:30 | 04:10:2018 | Pay] Выдал [ID: 11] игроку [ID: 21] -> 1000000$\n",
				"[09:29:45 | 04:10:2018 | Pay] Выдал [ID: 11] игроку [ID: 21] -> 541050$\n"
			]
		},
		"22": {
			"log": [
				"[19:29:42 | 04:10:2018 | Pay] Выдал [ID: 22] игроку [ID: 58] -> 2$\n",
				"[19:47:16 | 04:10:2018 | Pay] Выдал [ID: 22] игроку [ID: 58] -> 2000000$\n",
				"[19:57:54 | 04:10:2018 | Pay] Выдал [ID: 22] игроку [ID: 58] -> 3000000$\n",
				"[20:05:56 | 04:10:2018 | Pay] Выдал [ID: 22] игроку [ID: 58] -> 2000000$\n",
				"[21:33:51 | 04:10:2018 | Pay] Выдал [ID: 22] игроку [ID: 58] -> 2000000$\n",
				"[00:13:21 | 05:10:2018 | Pay] Выдал [ID: 4] игроку [ID: 22] -> 1$\n",
				"[00:13:39 | 05:10:2018 | Pay] Выдал [ID: 4] игроку [ID: 22] -> 1000000000$\n",
				"[14:09:52 | 05:10:2018 | Pay] Выдал [ID: 22] игроку [ID: 94] -> 5000000$\n",
				"[14:57:37 | 05:10:2018 | Pay] Выдал [ID: 22] игроку [ID: 103] -> 3000000$\n",
				"[22:07:51 | 05:10:2018 | Pay] Выдал [ID: 96] игроку [ID: 22] -> 500000$\n",
				"[22:11:54 | 05:10:2018 | Pay] Выдал [ID: 22] игроку [ID: 96] -> 500000$\n",
				"[22:43:57 | 05:10:2018 | Pay] Выдал [ID: 22] игроку [ID: 96] -> 50000000$\n",
				"[20:21:49 | 06:10:2018 | Pay] Выдал [ID: 22] игроку [ID: 96] -> 3000000$\n"
			]
		},
		"40": {
			"log": [
				"[15:17:35 | 04:10:2018 | Pay] Выдал [ID: 1] игроку [ID: 40] -> 10000$\n",
				"[15:44:02 | 04:10:2018 | Pay] Выдал [ID: 40] игроку [ID: 20] -> 5000000$\n"
			]
		},
		"45": {
			"log": [
				"[17:24:33 | 06:10:2018 | Pay] Выдал [ID: 9] игроку [ID: 45] -> 3000000$\n"
			]
		},
		"51": {
			"log": [
				"[13:27:59 | 05:10:2018 | Pay] Выдал [ID: 51] игроку [ID: 20] -> 5000000$\n"
			]
		},
		"57": {
			"log": [
				"[22:19:03 | 04:10:2018 | Pay] Выдал [ID: 57] игроку [ID: 58] -> 1000000$\n",
				"[09:12:35 | 05:10:2018 | Pay] Выдал [ID: 57] игроку [ID: 90] -> 7000000$\n",
				"[15:55:26 | 06:10:2018 | Pay] Выдал [ID: 96] игроку [ID: 57] -> 111$\n"
			]
		},
		"58": {
			"log": [
				"[19:29:04 | 04:10:2018 | Pay] Выдал [ID: 58] игроку [ID: 58] -> 60000$\n",
				"[19:29:04 | 04:10:2018 | Pay] Выдал [ID: 58] игроку [ID: 58] -> 60000$\n",
				"[19:29:42 | 04:10:2018 | Pay] Выдал [ID: 22] игроку [ID: 58] -> 2$\n",
				"[19:47:16 | 04:10:2018 | Pay] Выдал [ID: 22] игроку [ID: 58] -> 2000000$\n",
				"[19:57:54 | 04:10:2018 | Pay] Выдал [ID: 22] игроку [ID: 58] -> 3000000$\n",
				"[20:05:56 | 04:10:2018 | Pay] Выдал [ID: 22] игроку [ID: 58] -> 2000000$\n",
				"[20:29:08 | 04:10:2018 | Pay] Выдал [ID: 1] игроку [ID: 58] -> 1$\n",
				"[21:33:51 | 04:10:2018 | Pay] Выдал [ID: 22] игроку [ID: 58] -> 2000000$\n",
				"[22:19:03 | 04:10:2018 | Pay] Выдал [ID: 57] игроку [ID: 58] -> 1000000$\n"
			]
		},
		"66": {
			"log": [
				"[21:45:51 | 04:10:2018 | Pay] Выдал [ID: 9] игроку [ID: 66] -> 1$\n"
			]
		},
		"67": {
			"log": [
				"[18:28:52 | 06:10:2018 | Pay] Выдал [ID: 7] игроку [ID: 67] -> 1000000$\n",
				"[18:36:13 | 06:10:2018 | Pay] Выдал [ID: 67] игроку [ID: 7] -> 1$\n"
			]
		},
		"69": {
			"log": [
				"[17:07:42 | 05:10:2018 | Pay] Выдал [ID: 74] игроку [ID: 69] -> 5$\n",
				"[19:54:49 | 06:10:2018 | Pay] Выдал [ID: 9] игроку [ID: 69] -> 4000000$\n"
			]
		},
		"74": {
			"log": [
				"[17:07:42 | 05:10:2018 | Pay] Выдал [ID: 74] игроку [ID: 69] -> 5$\n",
				"[04:17:57 | 06:10:2018 | Pay] Выдал [ID: 20] игроку [ID: 74] -> 5000000$\n",
				"[04:29:22 | 06:10:2018 | Pay] Выдал [ID: 20] игроку [ID: 74] -> 5000000$\n",
				"[04:40:28 | 06:10:2018 | Pay] Выдал [ID: 20] игроку [ID: 74] -> 5000000$\n",
				"[04:50:40 | 06:10:2018 | Pay] Выдал [ID: 20] игроку [ID: 74] -> 5000000$\n",
				"[05:00:52 | 06:10:2018 | Pay] Выдал [ID: 20] игроку [ID: 74] -> 5000000$\n",
				"[05:11:03 | 06:10:2018 | Pay] Выдал [ID: 20] игроку [ID: 74] -> 5000000$\n",
				"[05:21:13 | 06:10:2018 | Pay] Выдал [ID: 20] игроку [ID: 74] -> 5000000$\n",
				"[05:31:22 | 06:10:2018 | Pay] Выдал [ID: 20] игроку [ID: 74] -> 5000000$\n",
				"[05:41:32 | 06:10:2018 | Pay] Выдал [ID: 20] игроку [ID: 74] -> 5000000$\n",
				"[05:51:42 | 06:10:2018 | Pay] Выдал [ID: 20] игроку [ID: 74] -> 5000000$\n",
				"[06:01:52 | 06:10:2018 | Pay] Выдал [ID: 20] игроку [ID: 74] -> 5000000$\n",
				"[06:12:02 | 06:10:2018 | Pay] Выдал [ID: 20] игроку [ID: 74] -> 5000000$\n",
				"[06:22:12 | 06:10:2018 | Pay] Выдал [ID: 20] игроку [ID: 74] -> 5000000$\n",
				"[06:32:22 | 06:10:2018 | Pay] Выдал [ID: 20] игроку [ID: 74] -> 5000000$\n",
				"[06:42:32 | 06:10:2018 | Pay] Выдал [ID: 20] игроку [ID: 74] -> 5000000$\n",
				"[06:52:46 | 06:10:2018 | Pay] Выдал [ID: 20] игроку [ID: 74] -> 5000000$\n",
				"[09:49:59 | 06:10:2018 | Pay] Выдал [ID: 20] игроку [ID: 74] -> 10000000$\n",
				"[11:56:50 | 06:10:2018 | Pay] Выдал [ID: 74] игроку [ID: 6] -> 5000000$\n"
			]
		},
		"77": {
			"log": [
				"[06:05:24 | 05:10:2018 | Pay] Выдал [ID: 4] игроку [ID: 77] -> 1000000$\n"
			]
		},
		"80": {
			"log": [
				"[19:16:35 | 05:10:2018 | Pay] Выдал [ID: 106] игроку [ID: 80] -> 10$\n",
				"[19:35:03 | 05:10:2018 | Pay] Выдал [ID: 80] игроку [ID: 129] -> 500000$\n",
				"[19:42:42 | 05:10:2018 | Pay] Выдал [ID: 80] игроку [ID: 129] -> 5000000$\n",
				"[19:49:51 | 05:10:2018 | Pay] Выдал [ID: 80] игроку [ID: 130] -> 5000000$\n",
				"[20:03:15 | 05:10:2018 | Pay] Выдал [ID: 80] игроку [ID: 130] -> 1$\n",
				"[20:09:19 | 05:10:2018 | Pay] Выдал [ID: 80] игроку [ID: 129] -> 500000$\n",
				"[20:19:44 | 05:10:2018 | Pay] Выдал [ID: 80] игроку [ID: 135] -> 500000$\n",
				"[20:30:06 | 05:10:2018 | Pay] Выдал [ID: 80] игроку [ID: 134] -> 500000$\n",
				"[20:38:07 | 05:10:2018 | Pay] Выдал [ID: 80] игроку [ID: 130] -> 500000$\n",
				"[20:38:36 | 05:10:2018 | Pay] Выдал [ID: 134] игроку [ID: 80] -> 235000$\n",
				"[21:20:09 | 05:10:2018 | Pay] Выдал [ID: 80] игроку [ID: 129] -> 5000000$\n",
				"[21:29:32 | 05:10:2018 | Pay] Выдал [ID: 80] игроку [ID: 130] -> 150000$\n"
			]
		},
		"90": {
			"log": [
				"[09:12:35 | 05:10:2018 | Pay] Выдал [ID: 57] игроку [ID: 90] -> 7000000$\n"
			]
		},
		"93": {
			"log": [
				"[11:45:40 | 05:10:2018 | Pay] Выдал [ID: 93] игроку [ID: 20] -> 100$\n",
				"[12:08:07 | 05:10:2018 | Pay] Выдал [ID: 96] игроку [ID: 93] -> 196$\n"
			]
		},
		"94": {
			"log": [
				"[14:09:52 | 05:10:2018 | Pay] Выдал [ID: 22] игроку [ID: 94] -> 5000000$\n"
			]
		},
		"96": {
			"log": [
				"[12:08:07 | 05:10:2018 | Pay] Выдал [ID: 96] игроку [ID: 93] -> 196$\n",
				"[12:23:49 | 05:10:2018 | Pay] Выдал [ID: 96] игроку [ID: 1] -> 1$\n",
				"[22:07:51 | 05:10:2018 | Pay] Выдал [ID: 96] игроку [ID: 22] -> 500000$\n",
				"[22:11:54 | 05:10:2018 | Pay] Выдал [ID: 22] игроку [ID: 96] -> 500000$\n",
				"[22:43:57 | 05:10:2018 | Pay] Выдал [ID: 22] игроку [ID: 96] -> 50000000$\n",
				"[15:55:26 | 06:10:2018 | Pay] Выдал [ID: 96] игроку [ID: 57] -> 111$\n",
				"[20:21:49 | 06:10:2018 | Pay] Выдал [ID: 22] игроку [ID: 96] -> 3000000$\n"
			]
		},
		"103": {
			"log": [
				"[14:57:37 | 05:10:2018 | Pay] Выдал [ID: 22] игроку [ID: 103] -> 3000000$\n"
			]
		},
		"106": {
			"log": [
				"[19:16:35 | 05:10:2018 | Pay] Выдал [ID: 106] игроку [ID: 80] -> 10$\n",
				"[20:04:13 | 05:10:2018 | Pay] Выдал [ID: 106] игроку [ID: 130] -> 10000000$\n",
				"[20:38:30 | 05:10:2018 | Pay] Выдал [ID: 106] игроку [ID: 134] -> 10000000$\n"
			]
		},
		"121": {
			"log": [
				"[12:02:59 | 06:10:2018 | Pay] Выдал [ID: 121] игроку [ID: 10] -> 6000000$\n"
			]
		},
		"129": {
			"log": [
				"[19:35:03 | 05:10:2018 | Pay] Выдал [ID: 80] игроку [ID: 129] -> 500000$\n",
				"[19:42:42 | 05:10:2018 | Pay] Выдал [ID: 80] игроку [ID: 129] -> 5000000$\n",
				"[20:09:19 | 05:10:2018 | Pay] Выдал [ID: 80] игроку [ID: 129] -> 500000$\n",
				"[21:20:09 | 05:10:2018 | Pay] Выдал [ID: 80] игроку [ID: 129] -> 5000000$\n"
			]
		},
		"130": {
			"log": [
				"[19:49:51 | 05:10:2018 | Pay] Выдал [ID: 80] игроку [ID: 130] -> 5000000$\n",
				"[20:03:15 | 05:10:2018 | Pay] Выдал [ID: 80] игроку [ID: 130] -> 1$\n",
				"[20:04:13 | 05:10:2018 | Pay] Выдал [ID: 106] игроку [ID: 130] -> 10000000$\n",
				"[20:38:07 | 05:10:2018 | Pay] Выдал [ID: 80] игроку [ID: 130] -> 500000$\n",
				"[21:15:00 | 05:10:2018 | Pay] Выдал [ID: 130] игроку [ID: 135] -> 1000000$\n",
				"[21:29:32 | 05:10:2018 | Pay] Выдал [ID: 80] игроку [ID: 130] -> 150000$\n",
				"[12:30:29 | 06:10:2018 | Pay] Выдал [ID: 135] игроку [ID: 130] -> 1$\n",
				"[12:30:45 | 06:10:2018 | Pay] Выдал [ID: 141] игроку [ID: 130] -> 1000$\n",
				"[12:32:46 | 06:10:2018 | Pay] Выдал [ID: 130] игроку [ID: 141] -> 1000000$\n",
				"[16:17:00 | 06:10:2018 | Pay] Выдал [ID: 130] игроку [ID: 132] -> 100000$\n",
				"[19:47:26 | 06:10:2018 | Pay] Выдал [ID: 130] игроку [ID: 134] -> 505000$\n",
				"[19:54:01 | 06:10:2018 | Pay] Выдал [ID: 130] игроку [ID: 141] -> 1000000$\n"
			]
		},
		"131": {
			"log": [
				"[19:37:41 | 06:10:2018 | Pay] Выдал [ID: 141] игроку [ID: 131] -> 20000$\n"
			]
		},
		"132": {
			"log": [
				"[16:17:00 | 06:10:2018 | Pay] Выдал [ID: 130] игроку [ID: 132] -> 100000$\n"
			]
		},
		"134": {
			"log": [
				"[20:30:06 | 05:10:2018 | Pay] Выдал [ID: 80] игроку [ID: 134] -> 500000$\n",
				"[20:38:30 | 05:10:2018 | Pay] Выдал [ID: 106] игроку [ID: 134] -> 10000000$\n",
				"[20:38:36 | 05:10:2018 | Pay] Выдал [ID: 134] игроку [ID: 80] -> 235000$\n",
				"[19:47:26 | 06:10:2018 | Pay] Выдал [ID: 130] игроку [ID: 134] -> 505000$\n",
				"[19:53:47 | 06:10:2018 | Pay] Выдал [ID: 134] игроку [ID: 141] -> 500000$\n"
			]
		},
		"135": {
			"log": [
				"[20:19:44 | 05:10:2018 | Pay] Выдал [ID: 80] игроку [ID: 135] -> 500000$\n",
				"[21:15:00 | 05:10:2018 | Pay] Выдал [ID: 130] игроку [ID: 135] -> 1000000$\n",
				"[11:33:15 | 06:10:2018 | Pay] Выдал [ID: 141] игроку [ID: 135] -> 2000$\n",
				"[11:40:56 | 06:10:2018 | Pay] Выдал [ID: 141] игроку [ID: 135] -> 10000$\n",
				"[11:51:04 | 06:10:2018 | Pay] Выдал [ID: 141] игроку [ID: 135] -> 3000$\n",
				"[12:18:06 | 06:10:2018 | Pay] Выдал [ID: 141] игроку [ID: 135] -> 60000$\n",
				"[12:30:29 | 06:10:2018 | Pay] Выдал [ID: 135] игроку [ID: 130] -> 1$\n",
				"[12:43:39 | 06:10:2018 | Pay] Выдал [ID: 141] игроку [ID: 135] -> 142000$\n",
				"[17:57:23 | 06:10:2018 | Pay] Выдал [ID: 135] игроку [ID: 140] -> 100$\n",
				"[19:27:16 | 06:10:2018 | Pay] Выдал [ID: 141] игроку [ID: 135] -> 143000$\n"
			]
		},
		"140": {
			"log": [
				"[17:57:23 | 06:10:2018 | Pay] Выдал [ID: 135] игроку [ID: 140] -> 100$\n"
			]
		},
		"141": {
			"log": [
				"[11:33:15 | 06:10:2018 | Pay] Выдал [ID: 141] игроку [ID: 135] -> 2000$\n",
				"[11:40:56 | 06:10:2018 | Pay] Выдал [ID: 141] игроку [ID: 135] -> 10000$\n",
				"[11:51:04 | 06:10:2018 | Pay] Выдал [ID: 141] игроку [ID: 135] -> 3000$\n",
				"[12:18:06 | 06:10:2018 | Pay] Выдал [ID: 141] игроку [ID: 135] -> 60000$\n",
				"[12:30:45 | 06:10:2018 | Pay] Выдал [ID: 141] игроку [ID: 130] -> 1000$\n",
				"[12:32:46 | 06:10:2018 | Pay] Выдал [ID: 130] игроку [ID: 141] -> 1000000$\n",
				"[12:43:39 | 06:10:2018 | Pay] Выдал [ID: 141] игроку [ID: 135] -> 142000$\n",
				"[19:27:16 | 06:10:2018 | Pay] Выдал [ID: 141] игроку [ID: 135] -> 143000$\n",
				"[19:37:41 | 06:10:2018 | Pay] Выдал [ID: 141] игроку [ID: 131] -> 20000$\n",
				"[19:53:47 | 06:10:2018 | Pay] Выдал [ID: 134] игроку [ID: 141] -> 500000$\n",
				"[19:54:01 | 06:10:2018 | Pay] Выдал [ID: 130] игроку [ID: 141] -> 1000000$\n"
			]
		},
		"142": {
			"log": [
				"[16:23:29 | 06:10:2018 | Pay] Выдал [ID: 20] игроку [ID: 142] -> 10000000$\n",
				"[16:56:33 | 06:10:2018 | Pay] Выдал [ID: 20] игроку [ID: 142] -> 10000000$\n",
				"[17:04:26 | 06:10:2018 | Pay] Выдал [ID: 20] игроку [ID: 142] -> 5000000$\n"
			]
		},
		"146": {
			"log": [
				"[15:55:41 | 06:10:2018 | Pay] Выдал [ID: 20] игроку [ID: 146] -> 10000000$\n"
			]
		}
	},
	"warns": {
		"1": {
			"log": [
				"[18:07:05 | 03:10:2018 | warn] Выдал [ID: 2] игроку [ID: 1] | Причина: Проверка\n",
				"[16:00:23 | 04:10:2018 | warn] Выдал [ID: 1] игроку [ID: 35] | Причина: Репорт.\n",
				"[22:19:47 | 05:10:2018 | warn] Выдал [ID: 1] игроку [ID: 96] | Причина: 1.0\n",
				"[22:21:29 | 05:10:2018 | warn] Выдал [ID: 1] игроку [ID: 96] | Причина: Вернул\n"
			]
		},
		"2": {
			"log": [
				"[18:07:05 | 03:10:2018 | warn] Выдал [ID: 2] игроку [ID: 1] | Причина: Проверка\n"
			]
		},
		"9": {
			"log": [
				"[21:28:29 | 04:10:2018 | warn] Выдал [ID: 9] игроку [ID: 28] | Причина: 1.\n",
				"[16:36:37 | 05:10:2018 | warn] Выдал [ID: 9] игроку [ID: 96] | Причина: Пункт 1.\n",
				"[18:48:08 | 05:10:2018 | warn] Выдал [ID: 9] игроку [ID: 120] | Причина: Пункт 2.\n",
				"[09:51:27 | 06:10:2018 | warn] Выдал [ID: 9] игроку [ID: 147] | Причина: Пункт 1.\n"
			]
		},
		"20": {
			"log": [
				"[15:03:17 | 06:10:2018 | warn] Выдал [ID: 20] игроку [ID: 93] | Причина: попрошайничество\n"
			]
		},
		"28": {
			"log": [
				"[21:28:29 | 04:10:2018 | warn] Выдал [ID: 9] игроку [ID: 28] | Причина: 1.\n"
			]
		},
		"35": {
			"log": [
				"[16:00:23 | 04:10:2018 | warn] Выдал [ID: 1] игроку [ID: 35] | Причина: Репорт.\n"
			]
		},
		"58": {
			"log": [
				"[14:49:27 | 05:10:2018 | warn] Выдал [ID: 58] игроку [ID: 74] | Причина: 8 правило\n",
				"[14:51:53 | 05:10:2018 | warn] Выдал [ID: 58] игроку [ID: 96] | Причина: 1 правило\n"
			]
		},
		"74": {
			"log": [
				"[14:49:27 | 05:10:2018 | warn] Выдал [ID: 58] игроку [ID: 74] | Причина: 8 правило\n"
			]
		},
		"93": {
			"log": [
				"[15:03:17 | 06:10:2018 | warn] Выдал [ID: 20] игроку [ID: 93] | Причина: попрошайничество\n"
			]
		},
		"96": {
			"log": [
				"[14:51:53 | 05:10:2018 | warn] Выдал [ID: 58] игроку [ID: 96] | Причина: 1 правило\n",
				"[16:36:37 | 05:10:2018 | warn] Выдал [ID: 9] игроку [ID: 96] | Причина: Пункт 1.\n",
				"[22:19:47 | 05:10:2018 | warn] Выдал [ID: 1] игроку [ID: 96] | Причина: 1.0\n",
				"[22:21:29 | 05:10:2018 | warn] Выдал [ID: 1] игроку [ID: 96] | Причина: Вернул\n"
			]
		},
		"120": {
			"log": [
				"[18:48:08 | 05:10:2018 | warn] Выдал [ID: 9] игроку [ID: 120] | Причина: Пункт 2.\n"
			]
		},
		"147": {
			"log": [
				"[09:51:27 | 06:10:2018 | warn] Выдал [ID: 9] игроку [ID: 147] | Причина: Пункт 1.\n"
			]
		}
	},
	"setwin": {
		"1": {
			"log": [
				"[12:53:01 | 05:10:2018 | Setwin] Выдал [ID: 4] игроку [ID: 1] -> 100%\n",
				"[12:54:25 | 05:10:2018 | Setwin] Выдал [ID: 1] игроку [ID: 1] -> 1%\n",
				"[12:54:25 | 05:10:2018 | Setwin] Выдал [ID: 1] игроку [ID: 1] -> 1%\n",
				"[12:55:07 | 05:10:2018 | Setwin] Выдал [ID: 1] игроку [ID: 1] -> 100%\n",
				"[12:55:07 | 05:10:2018 | Setwin] Выдал [ID: 1] игроку [ID: 1] -> 100%\n",
				"[13:10:17 | 05:10:2018 | Setwin] Выдал [ID: 1] игроку [ID: 1] -> 999%\n",
				"[13:10:17 | 05:10:2018 | Setwin] Выдал [ID: 1] игроку [ID: 1] -> 999%\n",
				"[13:11:05 | 05:10:2018 | Setwin] Выдал [ID: 1] игроку [ID: 1] -> 1%\n",
				"[13:11:05 | 05:10:2018 | Setwin] Выдал [ID: 1] игроку [ID: 1] -> 1%\n",
				"[11:00:00 | 06:10:2018 | Setwin] Выдал [ID: 1] игроку [ID: 1] -> 100%\n",
				"[11:00:00 | 06:10:2018 | Setwin] Выдал [ID: 1] игроку [ID: 1] -> 100%\n",
				"[11:00:14 | 06:10:2018 | Setwin] Выдал [ID: 1] игроку [ID: 1] -> 30%\n",
				"[11:00:14 | 06:10:2018 | Setwin] Выдал [ID: 1] игроку [ID: 1] -> 30%\n"
			]
		},
		"4": {
			"log": [
				"[21:28:51 | 05:10:2018 | Setwin] Выдал [ID: 4] игроку [ID: 99] -> 30%\n",
				"[21:29:26 | 05:10:2018 | Setwin] Выдал [ID: 4] игроку [ID: 22] -> 99%\n",
				"[21:29:31 | 05:10:2018 | Setwin] Выдал [ID: 4] игроку [ID: 38] -> 99%\n",
				"[21:29:46 | 05:10:2018 | Setwin] Выдал [ID: 4] игроку [ID: 38] -> 30%\n",
				"[21:33:25 | 05:10:2018 | Setwin] Выдал [ID: 4] игроку [ID: 38] -> 99%\n",
				"[21:33:53 | 05:10:2018 | Setwin] Выдал [ID: 4] игроку [ID: 96] -> 30%\n",
				"[22:50:03 | 05:10:2018 | Setwin] Выдал [ID: 4] игроку [ID: 69] -> 99%\n",
				"[19:09:05 | 06:10:2018 | Setwin] Выдал [ID: 4] игроку [ID: 4] -> 99%\n",
				"[19:09:05 | 06:10:2018 | Setwin] Выдал [ID: 4] игроку [ID: 4] -> 99%\n",
				"[19:10:26 | 06:10:2018 | Setwin] Выдал [ID: 4] игроку [ID: 22] -> 50%\n",
				"[19:10:33 | 06:10:2018 | Setwin] Выдал [ID: 4] игроку [ID: 4] -> 100%\n",
				"[19:10:33 | 06:10:2018 | Setwin] Выдал [ID: 4] игроку [ID: 4] -> 100%\n",
				"[19:10:51 | 06:10:2018 | Setwin] Выдал [ID: 4] игроку [ID: 20] -> 100%\n",
				"[19:11:17 | 06:10:2018 | Setwin] Выдал [ID: 4] игроку [ID: 20] -> 30%\n"
			]
		},
		"20": {
			"log": [
				"[19:10:51 | 06:10:2018 | Setwin] Выдал [ID: 4] игроку [ID: 20] -> 100%\n",
				"[19:11:17 | 06:10:2018 | Setwin] Выдал [ID: 4] игроку [ID: 20] -> 30%\n"
			]
		},
		"22": {
			"log": [
				"[21:29:26 | 05:10:2018 | Setwin] Выдал [ID: 4] игроку [ID: 22] -> 99%\n",
				"[19:10:26 | 06:10:2018 | Setwin] Выдал [ID: 4] игроку [ID: 22] -> 50%\n"
			]
		},
		"38": {
			"log": [
				"[21:29:31 | 05:10:2018 | Setwin] Выдал [ID: 4] игроку [ID: 38] -> 99%\n",
				"[21:29:46 | 05:10:2018 | Setwin] Выдал [ID: 4] игроку [ID: 38] -> 30%\n",
				"[21:33:25 | 05:10:2018 | Setwin] Выдал [ID: 4] игроку [ID: 38] -> 99%\n"
			]
		},
		"69": {
			"log": [
				"[22:50:03 | 05:10:2018 | Setwin] Выдал [ID: 4] игроку [ID: 69] -> 99%\n"
			]
		},
		"96": {
			"log": [
				"[21:23:41 | 05:10:2018 | Setwin] Выдал [ID: 4] игроку [ID: 96] -> 99%\n",
				"[21:24:10 | 05:10:2018 | Setwin] Выдал [ID: 4] игроку [ID: 96] -> 30%\n",
				"[21:33:53 | 05:10:2018 | Setwin] Выдал [ID: 4] игроку [ID: 96] -> 30%\n"
			]
		},
		"99": {
			"log": [
				"[21:28:39 | 05:10:2018 | Setwin] Выдал [ID: 4] игроку [ID: 99] -> 99%\n",
				"[21:28:51 | 05:10:2018 | Setwin] Выдал [ID: 4] игроку [ID: 99] -> 30%\n"
			]
		}
	},
	"admin": {
		"1": {
			"log": [
				"[18:28:53 | 03:10:2018 | Admin] Выдал [ID: 1] игроку [ID: 4] -> 5 lvl\n",
				"[12:09:10 | 05:10:2018 | Admin] Выдал [ID: 1] игроку [ID: 22] -> 4 lvl\n"
			]
		},
		"2": {
			"log": []
		},
		"3": {
			"log": []
		},
		"4": {
			"log": [
				"[18:28:53 | 03:10:2018 | Admin] Выдал [ID: 1] игроку [ID: 4] -> 5 lvl\n"
			]
		},
		"22": {
			"log": [
				"[12:09:10 | 05:10:2018 | Admin] Выдал [ID: 1] игроку [ID: 22] -> 4 lvl\n"
			]
		}
	},
	"give": {
		"1": {
			"log": [
				"[19:58:26 | 03:10:2018 | Give] Выдал [ID: 1] игроку [ID: 6] -> 1000000$\n",
				"[12:04:08 | 04:10:2018 | Give] Выдал [ID: 1] игроку [ID: 34] -> 1468451185$\n",
				"[12:12:08 | 04:10:2018 | Give] Выдал [ID: 1] игроку [ID: 1] -> 1000000$\n",
				"[12:12:08 | 04:10:2018 | Give] Выдал [ID: 1] игроку [ID: 1] -> 1000000$\n",
				"[14:05:32 | 04:10:2018 | Give] Выдал [ID: 1] игроку [ID: 1] -> 10000000$\n",
				"[14:05:32 | 04:10:2018 | Give] Выдал [ID: 1] игроку [ID: 1] -> 10000000$\n",
				"[15:55:20 | 04:10:2018 | Give] Выдал [ID: 1] игроку [ID: 51] -> 1635000000$\n",
				"[16:05:47 | 04:10:2018 | Give] Выдал [ID: 1] игроку [ID: 43] -> 1000000000$\n",
				"[18:03:36 | 04:10:2018 | Give] Выдал [ID: 1] игроку [ID: 57] -> 10000000000$\n",
				"[11:52:04 | 05:10:2018 | Give] Выдал [ID: 1] игроку [ID: 74] -> 15000000$\n",
				"[15:50:13 | 05:10:2018 | Give] Выдал [ID: 1] игроку [ID: 20] -> 21000000$\n",
				"[17:13:59 | 05:10:2018 | Give] Выдал [ID: 1] игроку [ID: 119] -> 200000000$\n"
			]
		},
		"2": {
			"log": []
		},
		"3": {
			"log": [
				"[19:01:15 | 05:10:2018 | Give] Выдал [ID: 4] игроку [ID: 3] -> 3500000000$\n"
			]
		},
		"4": {
			"log": [
				"[19:53:19 | 05:10:2018 | Give] Выдал [ID: 4] игроку [ID: 57] -> 3500000000$\n",
				"[21:30:57 | 05:10:2018 | Give] Выдал [ID: 4] игроку [ID: 125] -> 3500000000$\n",
				"[21:35:43 | 05:10:2018 | Give] Выдал [ID: 4] игроку [ID: 75] -> 3500000000$\n",
				"[01:50:43 | 06:10:2018 | Give] Выдал [ID: 4] игроку [ID: 4] -> 1$\n",
				"[01:50:43 | 06:10:2018 | Give] Выдал [ID: 4] игроку [ID: 4] -> 1$\n",
				"[01:50:53 | 06:10:2018 | Give] Выдал [ID: 4] игроку [ID: 4] -> 1000000000$\n",
				"[01:50:53 | 06:10:2018 | Give] Выдал [ID: 4] игроку [ID: 4] -> 1000000000$\n",
				"[01:52:24 | 06:10:2018 | Give] Выдал [ID: 4] игроку [ID: 4] -> 200000000000$\n",
				"[01:52:24 | 06:10:2018 | Give] Выдал [ID: 4] игроку [ID: 4] -> 200000000000$\n",
				"[14:30:59 | 06:10:2018 | Give] Выдал [ID: 4] игроку [ID: 4] -> 1000000000$\n",
				"[14:30:59 | 06:10:2018 | Give] Выдал [ID: 4] игроку [ID: 4] -> 1000000000$\n",
				"[17:09:27 | 06:10:2018 | Give] Выдал [ID: 4] игроку [ID: 59] -> 10000000$\n",
				"[19:31:41 | 06:10:2018 | Give] Выдал [ID: 4] игроку [ID: 4] -> 10000000000$\n",
				"[19:31:41 | 06:10:2018 | Give] Выдал [ID: 4] игроку [ID: 4] -> 10000000000$\n"
			]
		},
		"6": {
			"log": [
				"[19:58:26 | 03:10:2018 | Give] Выдал [ID: 1] игроку [ID: 6] -> 1000000$\n"
			]
		},
		"20": {
			"log": [
				"[15:50:13 | 05:10:2018 | Give] Выдал [ID: 1] игроку [ID: 20] -> 21000000$\n"
			]
		},
		"34": {
			"log": [
				"[12:04:08 | 04:10:2018 | Give] Выдал [ID: 1] игроку [ID: 34] -> 1468451185$\n"
			]
		},
		"43": {
			"log": [
				"[16:05:47 | 04:10:2018 | Give] Выдал [ID: 1] игроку [ID: 43] -> 1000000000$\n"
			]
		},
		"44": {
			"log": [
				"[18:50:45 | 05:10:2018 | Give] Выдал [ID: 4] игроку [ID: 44] -> 3500000000$\n",
				"[18:53:33 | 05:10:2018 | Give] Выдал [ID: 4] игроку [ID: 44] -> 10000000000$\n",
				"[18:54:16 | 05:10:2018 | Give] Выдал [ID: 4] игроку [ID: 44] -> 3500052148$\n"
			]
		},
		"51": {
			"log": [
				"[15:55:20 | 04:10:2018 | Give] Выдал [ID: 1] игроку [ID: 51] -> 1635000000$\n"
			]
		},
		"57": {
			"log": [
				"[18:03:36 | 04:10:2018 | Give] Выдал [ID: 1] игроку [ID: 57] -> 10000000000$\n",
				"[19:53:19 | 05:10:2018 | Give] Выдал [ID: 4] игроку [ID: 57] -> 3500000000$\n"
			]
		},
		"59": {
			"log": [
				"[17:09:27 | 06:10:2018 | Give] Выдал [ID: 4] игроку [ID: 59] -> 10000000$\n"
			]
		},
		"74": {
			"log": [
				"[11:52:04 | 05:10:2018 | Give] Выдал [ID: 1] игроку [ID: 74] -> 15000000$\n"
			]
		},
		"75": {
			"log": [
				"[21:35:43 | 05:10:2018 | Give] Выдал [ID: 4] игроку [ID: 75] -> 3500000000$\n"
			]
		},
		"80": {
			"log": [
				"[19:07:37 | 05:10:2018 | Give] Выдал [ID: 4] игроку [ID: 80] -> 3500000000$\n"
			]
		},
		"106": {
			"log": [
				"[19:03:22 | 05:10:2018 | Give] Выдал [ID: 4] игроку [ID: 106] -> 7000000000$\n"
			]
		},
		"119": {
			"log": [
				"[17:13:59 | 05:10:2018 | Give] Выдал [ID: 1] игроку [ID: 119] -> 200000000$\n"
			]
		},
		"121": {
			"log": [
				"[18:54:45 | 05:10:2018 | Give] Выдал [ID: 4] игроку [ID: 121] -> 10000000000$\n"
			]
		},
		"125": {
			"log": [
				"[21:30:57 | 05:10:2018 | Give] Выдал [ID: 4] игроку [ID: 125] -> 3500000000$\n"
			]
		}
	},
	"remove": {
		"1": {
			"log": [
				"[08:11:46 | 04:10:2018 | Remove] Забрал [ID: 4] у игрока [ID: 1] \n",
				"[11:47:10 | 04:10:2018 | Remove] Забрал [ID: 1] у игрока [ID: 1] \n",
				"[11:47:10 | 04:10:2018 | Remove] Забрал [ID: 1] у игрока [ID: 1] \n",
				"[14:49:40 | 05:10:2018 | Remove] Забрал [ID: 1] у игрока [ID: 20] \n",
				"[06:44:00 | 06:10:2018 | Remove] Забрал [ID: 1] у игрока [ID: 20] \n"
			]
		},
		"3": {
			"log": [
				"[19:08:16 | 05:10:2018 | Remove] Забрал [ID: 4] у игрока [ID: 3] \n"
			]
		},
		"4": {
			"log": [
				"[07:53:57 | 05:10:2018 | Remove] Забрал [ID: 4] у игрока [ID: 4] \n",
				"[08:51:52 | 05:10:2018 | Remove] Забрал [ID: 4] у игрока [ID: 4] \n",
				"[08:51:52 | 05:10:2018 | Remove] Забрал [ID: 4] у игрока [ID: 4] \n",
				"[10:52:02 | 05:10:2018 | Remove] Забрал [ID: 4] у игрока [ID: 4] \n",
				"[10:52:02 | 05:10:2018 | Remove] Забрал [ID: 4] у игрока [ID: 4] \n",
				"[17:40:01 | 05:10:2018 | Remove] Забрал [ID: 4] у игрока [ID: 20] \n",
				"[18:53:52 | 05:10:2018 | Remove] Забрал [ID: 4] у игрока [ID: 44] \n",
				"[19:08:16 | 05:10:2018 | Remove] Забрал [ID: 4] у игрока [ID: 3] \n",
				"[21:48:37 | 05:10:2018 | Remove] Забрал [ID: 4] у игрока [ID: 4] \n",
				"[21:48:37 | 05:10:2018 | Remove] Забрал [ID: 4] у игрока [ID: 4] \n",
				"[22:41:56 | 05:10:2018 | Remove] Забрал [ID: 4] у игрока [ID: 4] \n",
				"[22:41:56 | 05:10:2018 | Remove] Забрал [ID: 4] у игрока [ID: 4] \n",
				"[07:25:16 | 06:10:2018 | Remove] Забрал [ID: 4] у игрока [ID: 20] \n",
				"[09:52:45 | 06:10:2018 | Remove] Забрал [ID: 4] у игрока [ID: 20] \n"
			]
		},
		"20": {
			"log": [
				"[14:49:40 | 05:10:2018 | Remove] Забрал [ID: 1] у игрока [ID: 20] \n",
				"[17:40:01 | 05:10:2018 | Remove] Забрал [ID: 4] у игрока [ID: 20] \n",
				"[06:44:00 | 06:10:2018 | Remove] Забрал [ID: 1] у игрока [ID: 20] \n",
				"[07:25:16 | 06:10:2018 | Remove] Забрал [ID: 4] у игрока [ID: 20] \n",
				"[09:52:45 | 06:10:2018 | Remove] Забрал [ID: 4] у игрока [ID: 20] \n"
			]
		},
		"22": {
			"log": [
				"[21:48:57 | 05:10:2018 | Remove] Забрал [ID: 22] у игрока [ID: 22] \n",
				"[21:48:57 | 05:10:2018 | Remove] Забрал [ID: 22] у игрока [ID: 22] \n",
				"[22:43:28 | 05:10:2018 | Remove] Забрал [ID: 22] у игрока [ID: 96] \n"
			]
		},
		"44": {
			"log": [
				"[18:53:52 | 05:10:2018 | Remove] Забрал [ID: 4] у игрока [ID: 44] \n"
			]
		},
		"96": {
			"log": [
				"[22:43:28 | 05:10:2018 | Remove] Забрал [ID: 22] у игрока [ID: 96] \n"
			]
		}
	},
	"game": {
		"1": {
			"log": [
				"[10:44:40 | 06:10:2018 | казино] Ставка: 1000000$ | Исход: ❌\n",
				"[10:44:43 | 06:10:2018 | казино] Ставка: 1000000$ | Исход: ✅\n",
				"[10:44:46 | 06:10:2018 | казино] Ставка: 1000000$ | Исход: ✅\n",
				"[10:44:49 | 06:10:2018 | казино] Ставка: 1000000$ | Исход: ✅\n",
				"[10:44:52 | 06:10:2018 | казино] Ставка: 1000000$ | Исход: ✅\n",
				"[13:56:02 | 06:10:2018 | казино] Ставка: 1000000$ | Исход: ✅\n",
				"[17:23:05 | 06:10:2018 | казино] Ставка: 1000000$ | Исход: ✅\n",
				"[17:23:10 | 06:10:2018 | казино] Ставка: 1000000$ | Исход: ❌\n",
				"[17:35:35 | 06:10:2018 | казино] Ставка: 1000000$ | Исход: ✅\n",
				"[17:35:39 | 06:10:2018 | казино] Ставка: 1000000$ | Исход: ✅\n",
				"[17:35:42 | 06:10:2018 | казино] Ставка: 1$ | Исход: ❌\n",
				"[17:35:48 | 06:10:2018 | казино] Ставка: 3000000$ | Исход: ❌\n",
				"[17:35:52 | 06:10:2018 | казино] Ставка: 3000000$ | Исход: ✅\n",
				"[17:35:57 | 06:10:2018 | казино] Ставка: 5000000$ | Исход: ✅\n"
			]
		},
		"2": {
			"log": [
				"[18:18:23 | 03:10:2018 | казино] Ставка: 10$ | Исход: ❌\n"
			]
		},
		"4": {
			"log": [
				"[02:13:43 | 06:10:2018 | казино] Ставка: 1000000$ | Исход: ✅\n",
				"[02:13:46 | 06:10:2018 | казино] Ставка: 1000000$ | Исход: ✅\n",
				"[02:13:47 | 06:10:2018 | казино] Ставка: 1000000$ | Исход: ✅\n",
				"[02:13:49 | 06:10:2018 | казино] Ставка: 1000000$ | Исход: ❌\n",
				"[02:13:51 | 06:10:2018 | казино] Ставка: 1000000$ | Исход: ❌\n",
				"[02:13:56 | 06:10:2018 | казино] Ставка: 5000000$ | Исход: ❌\n",
				"[02:14:08 | 06:10:2018 | казино] Ставка: 3000000$ | Исход: ✅\n",
				"[02:14:14 | 06:10:2018 | казино] Ставка: 3000000$ | Исход: ❌\n",
				"[02:14:15 | 06:10:2018 | казино] Ставка: 3000000$ | Исход: ✅\n",
				"[02:14:17 | 06:10:2018 | казино] Ставка: 3000000$ | Исход: ✅\n",
				"[02:14:19 | 06:10:2018 | казино] Ставка: 3000000$ | Исход: ✅\n",
				"[02:14:21 | 06:10:2018 | казино] Ставка: 3000000$ | Исход: ✅\n",
				"[14:22:25 | 06:10:2018 | казино] Ставка: 1900000000$ | Исход: ❌\n",
				"[19:09:41 | 06:10:2018 | казино] Ставка: 979000000$ | Исход: ❌\n"
			]
		},
		"6": {
			"log": [
				"[19:48:45 | 04:10:2018 | рандом] Ставка: 1$ | Исход: ❌\n",
				"[19:48:47 | 04:10:2018 | рандом] Ставка: 1$ | Исход: ❌\n",
				"[19:48:49 | 04:10:2018 | рандом] Ставка: 1$ | Исход: ❌\n",
				"[20:04:04 | 04:10:2018 | казино] Ставка: 1$ | Исход: ❌\n",
				"[20:04:17 | 04:10:2018 | казино] Ставка: 10000$ | Исход: ✅\n",
				"[20:04:47 | 04:10:2018 | казино] Ставка: 30000$ | Исход: ✅\n",
				"[20:04:59 | 04:10:2018 | казино] Ставка: 1$ | Исход: ❌\n",
				"[20:05:02 | 04:10:2018 | казино] Ставка: 1$ | Исход: ❌\n",
				"[20:05:07 | 04:10:2018 | казино] Ставка: 1$ | Исход: ❌\n",
				"[20:05:11 | 04:10:2018 | казино] Ставка: 1$ | Исход: ❌\n",
				"[20:05:16 | 04:10:2018 | казино] Ставка: 1$ | Исход: ❌\n",
				"[20:05:24 | 04:10:2018 | казино] Ставка: 100000$ | Исход: ✅\n",
				"[20:05:32 | 04:10:2018 | казино] Ставка: 200000$ | Исход: ❌\n",
				"[10:31:33 | 06:10:2018 | казино] Ставка: 10000$ | Исход: ✅\n"
			]
		},
		"7": {
			"log": [
				"[18:34:31 | 06:10:2018 | казино] Ставка: 2000000$ | Исход: ❌\n",
				"[18:36:51 | 06:10:2018 | казино] Ставка: 100000$ | Исход: ✅\n",
				"[18:36:57 | 06:10:2018 | казино] Ставка: 200000$ | Исход: ✅\n",
				"[18:37:03 | 06:10:2018 | казино] Ставка: 400000$ | Исход: ✅\n",
				"[18:37:08 | 06:10:2018 | казино] Ставка: 800000$ | Исход: ✅\n",
				"[18:37:23 | 06:10:2018 | казино] Ставка: 500000$ | Исход: ✅\n",
				"[18:37:30 | 06:10:2018 | казино] Ставка: 1000000$ | Исход: ✅\n",
				"[18:37:40 | 06:10:2018 | казино] Ставка: 2000000$ | Исход: ✅\n",
				"[18:37:47 | 06:10:2018 | казино] Ставка: 4000000$ | Исход: ❌\n",
				"[18:38:09 | 06:10:2018 | казино] Ставка: 1000000$ | Исход: ✅\n",
				"[18:38:13 | 06:10:2018 | казино] Ставка: 2000000$ | Исход: ❌\n",
				"[18:38:24 | 06:10:2018 | казино] Ставка: 100000$ | Исход: ❌\n",
				"[18:38:29 | 06:10:2018 | казино] Ставка: 70000$ | Исход: ❌\n",
				"[18:38:37 | 06:10:2018 | казино] Ставка: 944$ | Исход: ❌\n"
			]
		},
		"9": {
			"log": [
				"[19:14:11 | 05:10:2018 | казино] Ставка: 500000$ | Исход: ❌\n",
				"[19:14:11 | 05:10:2018 | казино] Ставка: 500000$ | Исход: ✅\n",
				"[19:14:12 | 05:10:2018 | казино] Ставка: 500000$ | Исход: ✅\n",
				"[19:14:14 | 05:10:2018 | казино] Ставка: 500000$ | Исход: ✅\n",
				"[19:14:14 | 05:10:2018 | казино] Ставка: 500000$ | Исход: ❌\n",
				"[19:14:15 | 05:10:2018 | казино] Ставка: 500000$ | Исход: ✅\n",
				"[19:14:16 | 05:10:2018 | казино] Ставка: 500000$ | Исход: ❌\n",
				"[19:14:16 | 05:10:2018 | казино] Ставка: 500000$ | Исход: ❌\n",
				"[19:14:17 | 05:10:2018 | казино] Ставка: 500000$ | Исход: ❌\n",
				"[19:14:18 | 05:10:2018 | казино] Ставка: 500000$ | Исход: ❌\n",
				"[19:14:19 | 05:10:2018 | казино] Ставка: 500000$ | Исход: ✅\n",
				"[19:14:19 | 05:10:2018 | казино] Ставка: 500000$ | Исход: ❌\n",
				"[19:14:20 | 05:10:2018 | казино] Ставка: 500000$ | Исход: ✅\n",
				"[17:19:33 | 06:10:2018 | казино] Ставка: 500000$ | Исход: ✅\n"
			]
		},
		"10": {
			"log": [
				"[10:34:34 | 06:10:2018 | казино] Ставка: 500000$ | Исход: ✅\n",
				"[10:34:37 | 06:10:2018 | казино] Ставка: 500000$ | Исход: ✅\n",
				"[10:34:40 | 06:10:2018 | казино] Ставка: 500000$ | Исход: ✅\n",
				"[10:34:56 | 06:10:2018 | казино] Ставка: 500000$ | Исход: ✅\n",
				"[10:34:57 | 06:10:2018 | казино] Ставка: 500000$ | Исход: ✅\n",
				"[10:34:59 | 06:10:2018 | казино] Ставка: 500000$ | Исход: ❌\n",
				"[10:35:01 | 06:10:2018 | казино] Ставка: 500000$ | Исход: ❌\n",
				"[10:35:14 | 06:10:2018 | казино] Ставка: 500000$ | Исход: ❌\n",
				"[10:35:17 | 06:10:2018 | казино] Ставка: 500000$ | Исход: ❌\n",
				"[10:35:20 | 06:10:2018 | казино] Ставка: 500000$ | Исход: ❌\n",
				"[10:35:33 | 06:10:2018 | казино] Ставка: 500000$ | Исход: ✅\n",
				"[10:35:36 | 06:10:2018 | казино] Ставка: 500000$ | Исход: ✅\n",
				"[10:35:38 | 06:10:2018 | казино] Ставка: 500000$ | Исход: ✅\n",
				"[10:36:24 | 06:10:2018 | казино] Ставка: 500000$ | Исход: ✅\n"
			]
		},
		"11": {
			"log": [
				"[11:22:28 | 06:10:2018 | казино] Ставка: 22000$ | Исход: ✅\n",
				"[11:22:32 | 06:10:2018 | казино] Ставка: 11000$ | Исход: ❌\n",
				"[11:22:37 | 06:10:2018 | казино] Ставка: 11000$ | Исход: ✅\n",
				"[11:22:40 | 06:10:2018 | казино] Ставка: 11000$ | Исход: ✅\n",
				"[11:22:42 | 06:10:2018 | казино] Ставка: 11000$ | Исход: ❌\n",
				"[11:22:44 | 06:10:2018 | казино] Ставка: 11000$ | Исход: ✅\n",
				"[11:22:46 | 06:10:2018 | казино] Ставка: 11000$ | Исход: ✅\n",
				"[11:22:47 | 06:10:2018 | казино] Ставка: 11000$ | Исход: ❌\n",
				"[11:22:52 | 06:10:2018 | казино] Ставка: 11000$ | Исход: ❌\n",
				"[11:22:54 | 06:10:2018 | казино] Ставка: 11000$ | Исход: ❌\n",
				"[11:22:56 | 06:10:2018 | казино] Ставка: 11000$ | Исход: ✅\n",
				"[11:23:01 | 06:10:2018 | казино] Ставка: 55000$ | Исход: ❌\n",
				"[11:23:12 | 06:10:2018 | казино] Ставка: 35000$ | Исход: ✅\n",
				"[11:23:16 | 06:10:2018 | казино] Ставка: 70000$ | Исход: ❌\n"
			]
		},
		"13": {
			"log": []
		},
		"18": {
			"log": [
				"[08:06:21 | 06:10:2018 | казино] Ставка: 2500$ | Исход: ❌\n",
				"[08:07:40 | 06:10:2018 | казино] Ставка: 1000$ | Исход: ❌\n",
				"[08:08:56 | 06:10:2018 | казино] Ставка: 1000$ | Исход: ❌\n",
				"[08:09:54 | 06:10:2018 | казино] Ставка: 7000$ | Исход: ❌\n"
			]
		},
		"19": {
			"log": [
				"[10:55:21 | 04:10:2018 | казино] Ставка: 322$ | Исход: ❌\n",
				"[10:55:31 | 04:10:2018 | казино] Ставка: 7000$ | Исход: ❌\n"
			]
		},
		"20": {
			"log": [
				"[11:53:34 | 06:10:2018 | казино] Ставка: 500000$ | Исход: ✅\n",
				"[11:53:41 | 06:10:2018 | казино] Ставка: 500000$ | Исход: ❌\n",
				"[11:53:55 | 06:10:2018 | казино] Ставка: 42000$ | Исход: ✅\n",
				"[11:54:11 | 06:10:2018 | казино] Ставка: 500000$ | Исход: ❌\n",
				"[11:54:27 | 06:10:2018 | казино] Ставка: 9084399$ | Исход: ❌\n",
				"[19:11:14 | 06:10:2018 | казино] Ставка: 500000$ | Исход: ❌\n",
				"[19:11:25 | 06:10:2018 | казино] Ставка: 500000$ | Исход: ✅\n",
				"[19:11:28 | 06:10:2018 | казино] Ставка: 500000$ | Исход: ✅\n",
				"[19:11:32 | 06:10:2018 | казино] Ставка: 500000$ | Исход: ❌\n",
				"[19:11:34 | 06:10:2018 | казино] Ставка: 500000$ | Исход: ❌\n",
				"[19:11:37 | 06:10:2018 | казино] Ставка: 500000$ | Исход: ❌\n",
				"[19:11:39 | 06:10:2018 | казино] Ставка: 500000$ | Исход: ❌\n",
				"[19:15:17 | 06:10:2018 | казино] Ставка: 500000$ | Исход: ❌\n",
				"[19:15:24 | 06:10:2018 | казино] Ставка: 500000$ | Исход: ❌\n"
			]
		},
		"21": {
			"log": [
				"[10:52:02 | 06:10:2018 | казино] Ставка: 100000$ | Исход: ✅\n",
				"[10:52:06 | 06:10:2018 | казино] Ставка: 500000$ | Исход: ✅\n",
				"[10:52:11 | 06:10:2018 | казино] Ставка: 500000$ | Исход: ✅\n",
				"[10:52:20 | 06:10:2018 | казино] Ставка: 500000$ | Исход: ❌\n",
				"[10:52:36 | 06:10:2018 | казино] Ставка: 500000$ | Исход: ❌\n",
				"[10:52:41 | 06:10:2018 | казино] Ставка: 300000$ | Исход: ❌\n",
				"[10:52:44 | 06:10:2018 | казино] Ставка: 100000$ | Исход: ❌\n",
				"[10:52:50 | 06:10:2018 | казино] Ставка: 500000$ | Исход: ✅\n",
				"[10:52:55 | 06:10:2018 | казино] Ставка: 500000$ | Исход: ✅\n",
				"[10:53:00 | 06:10:2018 | казино] Ставка: 500000$ | Исход: ✅\n",
				"[10:53:07 | 06:10:2018 | казино] Ставка: 500000$ | Исход: ❌\n",
				"[11:23:37 | 06:10:2018 | казино] Ставка: 500000$ | Исход: ✅\n",
				"[11:23:43 | 06:10:2018 | казино] Ставка: 500000$ | Исход: ✅\n",
				"[11:23:48 | 06:10:2018 | казино] Ставка: 500000$ | Исход: ❌\n"
			]
		},
		"22": {
			"log": [
				"[08:23:15 | 06:10:2018 | казино] Ставка: 10000$ | Исход: ❌\n",
				"[08:28:51 | 06:10:2018 | казино] Ставка: 10000$ | Исход: ❌\n",
				"[08:29:00 | 06:10:2018 | казино] Ставка: 10000$ | Исход: ❌\n",
				"[08:29:13 | 06:10:2018 | казино] Ставка: 10000$ | Исход: ❌\n",
				"[09:47:08 | 06:10:2018 | ставка] Ставка: 10000$ | Исход: ❌\n",
				"[09:47:21 | 06:10:2018 | ставка] Ставка: 10000$ | Исход: ✅\n",
				"[09:47:25 | 06:10:2018 | ставка] Ставка: 10000$ | Исход: ❌\n",
				"[09:47:33 | 06:10:2018 | ставка] Ставка: 10000000$ | Исход: ❌\n",
				"[09:47:38 | 06:10:2018 | ставка] Ставка: 10000$ | Исход: ❌\n",
				"[19:10:49 | 06:10:2018 | казино] Ставка: 10000000$ | Исход: ❌\n",
				"[19:11:52 | 06:10:2018 | ставка] Ставка: 20000000$ | Исход: ✅\n",
				"[19:41:58 | 06:10:2018 | ставка] Ставка: 5000000$ | Исход: ✅\n",
				"[19:42:50 | 06:10:2018 | ставка] Ставка: 5000000$ | Исход: ❌\n",
				"[19:42:56 | 06:10:2018 | ставка] Ставка: 5000000$ | Исход: ❌\n"
			]
		},
		"23": {
			"log": [
				"[12:08:42 | 05:10:2018 | казино] Ставка: 79000$ | Исход: ✅\n",
				"[12:11:03 | 05:10:2018 | казино] Ставка: 158000$ | Исход: ✅\n",
				"[12:13:13 | 05:10:2018 | казино] Ставка: 315000$ | Исход: ❌\n",
				"[12:15:19 | 05:10:2018 | казино] Ставка: 16000$ | Исход: ❌\n",
				"[12:27:34 | 05:10:2018 | казино] Ставка: 82000$ | Исход: ✅\n",
				"[12:27:53 | 05:10:2018 | казино] Ставка: 164000$ | Исход: ✅\n",
				"[12:28:18 | 05:10:2018 | казино] Ставка: 328000$ | Исход: ✅\n",
				"[12:29:21 | 05:10:2018 | казино] Ставка: 500000$ | Исход: ❌\n",
				"[12:29:31 | 05:10:2018 | казино] Ставка: 79000$ | Исход: ✅\n",
				"[12:29:45 | 05:10:2018 | казино] Ставка: 158000$ | Исход: ✅\n",
				"[12:30:02 | 05:10:2018 | казино] Ставка: 316000$ | Исход: ✅\n",
				"[12:31:14 | 05:10:2018 | казино] Ставка: 709274$ | Исход: ✅\n",
				"[12:31:48 | 05:10:2018 | казино] Ставка: 1418548$ | Исход: ❌\n",
				"[13:10:52 | 05:10:2018 | казино] Ставка: 66283$ | Исход: ❌\n"
			]
		},
		"24": {
			"log": [
				"[13:37:01 | 04:10:2018 | ставка] Ставка: 10000$ | Исход: ✅\n",
				"[13:37:13 | 04:10:2018 | ставка] Ставка: 15000$ | Исход: ❌\n",
				"[13:41:44 | 04:10:2018 | ставка] Ставка: 10000$ | Исход: ❌\n"
			]
		},
		"27": {
			"log": [
				"[11:10:13 | 04:10:2018 | казино] Ставка: 5000$ | Исход: ❌\n"
			]
		},
		"28": {
			"log": [
				"[13:52:29 | 05:10:2018 | казино] Ставка: 1000$ | Исход: ❌\n",
				"[13:52:35 | 05:10:2018 | казино] Ставка: 1000$ | Исход: ❌\n",
				"[13:52:43 | 05:10:2018 | казино] Ставка: 5000$ | Исход: ❌\n",
				"[13:52:49 | 05:10:2018 | казино] Ставка: 1000$ | Исход: ❌\n"
			]
		},
		"29": {
			"log": [
				"[10:47:12 | 04:10:2018 | казино] Ставка: 55580$ | Исход: ✅\n",
				"[10:47:21 | 04:10:2018 | казино] Ставка: 111160$ | Исход: ❌\n"
			]
		},
		"31": {
			"log": [
				"[10:15:45 | 05:10:2018 | казино] Ставка: 30000$ | Исход: ❌\n",
				"[10:15:49 | 05:10:2018 | казино] Ставка: 50000$ | Исход: ❌\n",
				"[10:16:03 | 05:10:2018 | казино] Ставка: 30000$ | Исход: ✅\n",
				"[10:16:08 | 05:10:2018 | казино] Ставка: 60000$ | Исход: ✅\n",
				"[10:16:13 | 05:10:2018 | казино] Ставка: 120000$ | Исход: ✅\n",
				"[10:21:31 | 05:10:2018 | казино] Ставка: 100000$ | Исход: ❌\n",
				"[10:21:37 | 05:10:2018 | казино] Ставка: 100000$ | Исход: ❌\n",
				"[10:21:51 | 05:10:2018 | казино] Ставка: 51000$ | Исход: ❌\n"
			]
		},
		"37": {
			"log": [
				"[12:53:27 | 04:10:2018 | казино] Ставка: 3000$ | Исход: ❌\n",
				"[12:54:30 | 04:10:2018 | казино] Ставка: 3000$ | Исход: ❌\n"
			]
		},
		"38": {
			"log": [
				"[20:59:25 | 05:10:2018 | казино] Ставка: 14637$ | Исход: ❌\n",
				"[21:29:35 | 05:10:2018 | казино] Ставка: 133000$ | Исход: ✅\n"
			]
		},
		"40": {
			"log": [
				"[16:09:10 | 04:10:2018 | казино] Ставка: 9680$ | Исход: ❌\n",
				"[16:10:28 | 04:10:2018 | казино] Ставка: 50000$ | Исход: ❌\n",
				"[16:46:25 | 04:10:2018 | казино] Ставка: 65000$ | Исход: ❌\n",
				"[17:54:05 | 04:10:2018 | казино] Ставка: 69000$ | Исход: ❌\n",
				"[18:09:53 | 04:10:2018 | казино] Ставка: 60000$ | Исход: ✅\n",
				"[18:10:00 | 04:10:2018 | казино] Ставка: 60000$ | Исход: ❌\n",
				"[18:10:20 | 04:10:2018 | казино] Ставка: 60000$ | Исход: ✅\n",
				"[18:10:27 | 04:10:2018 | казино] Ставка: 60000$ | Исход: ❌\n",
				"[10:50:34 | 05:10:2018 | казино] Ставка: 75$ | Исход: ❌\n",
				"[10:50:58 | 05:10:2018 | казино] Ставка: 75000$ | Исход: ❌\n",
				"[11:59:29 | 05:10:2018 | казино] Ставка: 51000$ | Исход: ❌\n",
				"[10:55:06 | 06:10:2018 | казино] Ставка: 35000$ | Исход: ✅\n",
				"[10:55:14 | 06:10:2018 | казино] Ставка: 70000$ | Исход: ❌\n",
				"[16:17:03 | 06:10:2018 | казино] Ставка: 50000$ | Исход: ❌\n"
			]
		},
		"44": {
			"log": [
				"[15:02:35 | 04:10:2018 | казино] Ставка: 5000$ | Исход: ❌\n"
			]
		},
		"45": {
			"log": [
				"[20:12:40 | 06:10:2018 | казино] Ставка: 200000$ | Исход: ✅\n",
				"[20:12:43 | 06:10:2018 | казино] Ставка: 200000$ | Исход: ❌\n",
				"[20:12:48 | 06:10:2018 | казино] Ставка: 400000$ | Исход: ❌\n",
				"[20:12:52 | 06:10:2018 | казино] Ставка: 100000$ | Исход: ❌\n",
				"[20:12:58 | 06:10:2018 | казино] Ставка: 200000$ | Исход: ✅\n",
				"[20:13:02 | 06:10:2018 | казино] Ставка: 200000$ | Исход: ✅\n",
				"[20:13:06 | 06:10:2018 | казино] Ставка: 200000$ | Исход: ❌\n",
				"[20:13:12 | 06:10:2018 | казино] Ставка: 400000$ | Исход: ✅\n",
				"[20:13:17 | 06:10:2018 | казино] Ставка: 200000$ | Исход: ✅\n",
				"[20:13:22 | 06:10:2018 | казино] Ставка: 400000$ | Исход: ✅\n",
				"[20:13:26 | 06:10:2018 | казино] Ставка: 200000$ | Исход: ✅\n",
				"[20:13:31 | 06:10:2018 | казино] Ставка: 500000$ | Исход: ✅\n",
				"[20:13:42 | 06:10:2018 | казино] Ставка: 100000$ | Исход: ❌\n",
				"[20:16:32 | 06:10:2018 | казино] Ставка: 500000$ | Исход: ✅\n"
			]
		},
		"48": {
			"log": [
				"[15:33:27 | 04:10:2018 | казино] Ставка: 38337$ | Исход: ✅\n",
				"[15:33:39 | 04:10:2018 | казино] Ставка: 38337$ | Исход: ❌\n",
				"[15:33:42 | 04:10:2018 | казино] Ставка: 38337$ | Исход: ✅\n",
				"[15:33:46 | 04:10:2018 | казино] Ставка: 38337$ | Исход: ❌\n",
				"[15:33:47 | 04:10:2018 | казино] Ставка: 38337$ | Исход: ✅\n",
				"[15:33:50 | 04:10:2018 | казино] Ставка: 38337$ | Исход: ✅\n",
				"[15:33:52 | 04:10:2018 | казино] Ставка: 38337$ | Исход: ✅\n",
				"[15:34:09 | 04:10:2018 | казино] Ставка: 38337$ | Исход: ❌\n",
				"[15:34:17 | 04:10:2018 | казино] Ставка: 38337$ | Исход: ✅\n",
				"[15:34:19 | 04:10:2018 | казино] Ставка: 38337$ | Исход: ✅\n",
				"[15:34:21 | 04:10:2018 | казино] Ставка: 38337$ | Исход: ❌\n",
				"[15:34:22 | 04:10:2018 | казино] Ставка: 38337$ | Исход: ❌\n",
				"[15:34:24 | 04:10:2018 | казино] Ставка: 38337$ | Исход: ✅\n",
				"[15:34:52 | 04:10:2018 | казино] Ставка: 153348$ | Исход: ❌\n"
			]
		},
		"50": {
			"log": [
				"[16:13:02 | 04:10:2018 | казино] Ставка: 7000$ | Исход: ❌\n",
				"[16:13:17 | 04:10:2018 | казино] Ставка: 2000$ | Исход: ❌\n",
				"[16:13:26 | 04:10:2018 | казино] Ставка: 5000$ | Исход: ❌\n",
				"[16:13:45 | 04:10:2018 | акция] Ставка: 1000$ | Исход: ❌\n",
				"[16:14:22 | 04:10:2018 | казино] Ставка: 10000$ | Исход: ✅\n",
				"[16:14:49 | 04:10:2018 | казино] Ставка: 10000$ | Исход: ❌\n",
				"[16:14:53 | 04:10:2018 | казино] Ставка: 10000$ | Исход: ✅\n",
				"[16:15:04 | 04:10:2018 | казино] Ставка: 10000$ | Исход: ❌\n",
				"[16:15:10 | 04:10:2018 | казино] Ставка: 20000$ | Исход: ✅\n",
				"[16:15:19 | 04:10:2018 | казино] Ставка: 27000$ | Исход: ❌\n",
				"[16:15:22 | 04:10:2018 | казино] Ставка: 20000$ | Исход: ✅\n",
				"[16:15:33 | 04:10:2018 | казино] Ставка: 30000$ | Исход: ❌\n",
				"[16:15:39 | 04:10:2018 | казино] Ставка: 10000$ | Исход: ❌\n",
				"[16:16:19 | 04:10:2018 | казино] Ставка: 32$ | Исход: ❌\n"
			]
		},
		"51": {
			"log": [
				"[13:39:09 | 05:10:2018 | казино] Ставка: 500000$ | Исход: ❌\n",
				"[13:39:09 | 05:10:2018 | казино] Ставка: 500000$ | Исход: ✅\n",
				"[13:39:10 | 05:10:2018 | казино] Ставка: 500000$ | Исход: ❌\n",
				"[13:39:11 | 05:10:2018 | казино] Ставка: 500000$ | Исход: ❌\n",
				"[13:39:11 | 05:10:2018 | казино] Ставка: 500000$ | Исход: ❌\n",
				"[13:39:12 | 05:10:2018 | казино] Ставка: 500000$ | Исход: ❌\n",
				"[13:39:13 | 05:10:2018 | казино] Ставка: 500000$ | Исход: ✅\n",
				"[13:39:13 | 05:10:2018 | казино] Ставка: 500000$ | Исход: ❌\n",
				"[13:39:14 | 05:10:2018 | казино] Ставка: 500000$ | Исход: ❌\n",
				"[13:39:15 | 05:10:2018 | казино] Ставка: 500000$ | Исход: ❌\n",
				"[13:39:15 | 05:10:2018 | казино] Ставка: 500000$ | Исход: ❌\n",
				"[13:39:16 | 05:10:2018 | казино] Ставка: 500000$ | Исход: ✅\n",
				"[13:39:26 | 05:10:2018 | казино] Ставка: 500000$ | Исход: ❌\n",
				"[13:39:26 | 05:10:2018 | казино] Ставка: 500000$ | Исход: ❌\n"
			]
		},
		"52": {
			"log": [
				"[01:07:12 | 06:10:2018 | казино] Ставка: 10000$ | Исход: ❌\n",
				"[01:07:18 | 06:10:2018 | казино] Ставка: 10000$ | Исход: ❌\n",
				"[01:07:23 | 06:10:2018 | казино] Ставка: 10000$ | Исход: ✅\n",
				"[01:07:29 | 06:10:2018 | казино] Ставка: 40000$ | Исход: ❌\n",
				"[01:07:33 | 06:10:2018 | казино] Ставка: 10000$ | Исход: ✅\n",
				"[01:07:39 | 06:10:2018 | казино] Ставка: 50000$ | Исход: ✅\n",
				"[01:07:45 | 06:10:2018 | казино] Ставка: 60000$ | Исход: ✅\n",
				"[14:37:05 | 06:10:2018 | казино] Ставка: 50000$ | Исход: ✅\n",
				"[19:49:56 | 06:10:2018 | казино] Ставка: 10000$ | Исход: ✅\n",
				"[19:50:00 | 06:10:2018 | казино] Ставка: 50000$ | Исход: ❌\n",
				"[19:50:05 | 06:10:2018 | казино] Ставка: 37000$ | Исход: ✅\n",
				"[19:50:13 | 06:10:2018 | казино] Ставка: 34$ | Исход: ❌\n",
				"[19:50:21 | 06:10:2018 | казино] Ставка: 34000$ | Исход: ✅\n",
				"[19:50:28 | 06:10:2018 | казино] Ставка: 78000$ | Исход: ✅\n"
			]
		},
		"53": {
			"log": [
				"[16:16:22 | 04:10:2018 | казино] Ставка: 5000$ | Исход: ❌\n",
				"[16:16:38 | 04:10:2018 | казино] Ставка: 5000$ | Исход: ❌\n",
				"[16:16:40 | 04:10:2018 | казино] Ставка: 5000$ | Исход: ❌\n",
				"[16:17:27 | 04:10:2018 | казино] Ставка: 15000$ | Исход: ❌\n",
				"[16:17:39 | 04:10:2018 | казино] Ставка: 10000$ | Исход: ✅\n",
				"[16:17:44 | 04:10:2018 | казино] Ставка: 10000$ | Исход: ❌\n",
				"[16:17:57 | 04:10:2018 | казино] Ставка: 10000$ | Исход: ✅\n",
				"[16:17:59 | 04:10:2018 | казино] Ставка: 10000$ | Исход: ❌\n",
				"[16:18:01 | 04:10:2018 | казино] Ставка: 10000$ | Исход: ✅\n",
				"[16:18:07 | 04:10:2018 | казино] Ставка: 50000$ | Исход: ✅\n",
				"[16:18:13 | 04:10:2018 | казино] Ставка: 10000$ | Исход: ✅\n",
				"[16:18:16 | 04:10:2018 | казино] Ставка: 10000$ | Исход: ❌\n",
				"[16:18:19 | 04:10:2018 | казино] Ставка: 110000$ | Исход: ✅\n",
				"[16:18:22 | 04:10:2018 | казино] Ставка: 10000$ | Исход: ❌\n"
			]
		},
		"54": {
			"log": [
				"[16:57:51 | 04:10:2018 | казино] Ставка: 10000$ | Исход: ✅\n",
				"[16:58:21 | 04:10:2018 | казино] Ставка: 10000$ | Исход: ✅\n",
				"[16:58:24 | 04:10:2018 | казино] Ставка: 10000$ | Исход: ❌\n",
				"[16:58:41 | 04:10:2018 | казино] Ставка: 10000$ | Исход: ✅\n",
				"[16:58:43 | 04:10:2018 | казино] Ставка: 10000$ | Исход: ✅\n",
				"[16:59:15 | 04:10:2018 | казино] Ставка: 10000$ | Исход: ✅\n",
				"[16:59:17 | 04:10:2018 | казино] Ставка: 10000$ | Исход: ❌\n"
			]
		},
		"55": {
			"log": [
				"[17:09:00 | 05:10:2018 | казино] Ставка: 10000$ | Исход: ✅\n",
				"[17:09:14 | 05:10:2018 | казино] Ставка: 100000$ | Исход: ❌\n",
				"[17:09:27 | 05:10:2018 | казино] Ставка: 200000$ | Исход: ✅\n",
				"[17:09:38 | 05:10:2018 | казино] Ставка: 400000$ | Исход: ✅\n",
				"[17:10:52 | 05:10:2018 | казино] Ставка: 100000$ | Исход: ✅\n"
			]
		},
		"56": {
			"log": [
				"[17:11:18 | 04:10:2018 | казино] Ставка: 1000$ | Исход: ❌\n",
				"[17:11:24 | 04:10:2018 | казино] Ставка: 1000$ | Исход: ❌\n"
			]
		},
		"58": {
			"log": [
				"[16:28:31 | 05:10:2018 | казино] Ставка: 10000$ | Исход: ❌\n",
				"[16:28:32 | 05:10:2018 | казино] Ставка: 10000$ | Исход: ✅\n",
				"[16:50:19 | 05:10:2018 | казино] Ставка: 10000$ | Исход: ❌\n",
				"[16:50:22 | 05:10:2018 | казино] Ставка: 10000$ | Исход: ✅\n",
				"[16:50:22 | 05:10:2018 | казино] Ставка: 10000$ | Исход: ✅\n",
				"[16:50:23 | 05:10:2018 | казино] Ставка: 10000$ | Исход: ✅\n",
				"[16:50:24 | 05:10:2018 | казино] Ставка: 10000$ | Исход: ✅\n",
				"[16:50:24 | 05:10:2018 | казино] Ставка: 10000$ | Исход: ✅\n",
				"[16:50:26 | 05:10:2018 | казино] Ставка: 10000$ | Исход: ❌\n",
				"[16:50:39 | 05:10:2018 | казино] Ставка: 10000$ | Исход: ❌\n",
				"[16:50:40 | 05:10:2018 | казино] Ставка: 10000$ | Исход: ✅\n",
				"[16:50:40 | 05:10:2018 | казино] Ставка: 10000$ | Исход: ✅\n",
				"[16:50:42 | 05:10:2018 | казино] Ставка: 10000$ | Исход: ✅\n",
				"[16:50:45 | 05:10:2018 | казино] Ставка: 10000$ | Исход: ❌\n"
			]
		},
		"59": {
			"log": [
				"[17:13:45 | 06:10:2018 | казино] Ставка: 500000$ | Исход: ❌\n",
				"[17:13:49 | 06:10:2018 | казино] Ставка: 500000$ | Исход: ❌\n",
				"[17:13:52 | 06:10:2018 | казино] Ставка: 500000$ | Исход: ✅\n",
				"[17:36:08 | 06:10:2018 | казино] Ставка: 500000$ | Исход: ✅\n"
			]
		},
		"66": {
			"log": [
				"[11:39:23 | 06:10:2018 | ставка] Ставка: 500$ | Исход: ❌\n",
				"[13:56:15 | 06:10:2018 | казино] Ставка: 100$ | Исход: ❌\n",
				"[17:42:35 | 06:10:2018 | казино] Ставка: 50000$ | Исход: ✅\n",
				"[17:42:58 | 06:10:2018 | казино] Ставка: 10000$ | Исход: ❌\n",
				"[17:43:04 | 06:10:2018 | казино] Ставка: 50$ | Исход: ❌\n",
				"[17:43:10 | 06:10:2018 | казино] Ставка: 50000$ | Исход: ❌\n",
				"[17:43:16 | 06:10:2018 | казино] Ставка: 100000$ | Исход: ✅\n",
				"[18:01:58 | 06:10:2018 | казино] Ставка: 50000$ | Исход: ❌\n",
				"[18:02:06 | 06:10:2018 | казино] Ставка: 100000$ | Исход: ❌\n",
				"[18:02:38 | 06:10:2018 | казино] Ставка: 100000$ | Исход: ✅\n",
				"[18:02:50 | 06:10:2018 | казино] Ставка: 10000$ | Исход: ❌\n",
				"[18:02:57 | 06:10:2018 | казино] Ставка: 10000$ | Исход: ✅\n",
				"[18:03:03 | 06:10:2018 | казино] Ставка: 40000$ | Исход: ✅\n",
				"[18:03:41 | 06:10:2018 | казино] Ставка: 100$ | Исход: ❌\n"
			]
		},
		"67": {
			"log": [
				"[21:19:09 | 04:10:2018 | казино] Ставка: 39000$ | Исход: ✅\n",
				"[21:19:56 | 04:10:2018 | акция] Ставка: 78000$ | Исход: ❌\n",
				"[21:22:49 | 04:10:2018 | акция] Ставка: 473$ | Исход: ❌\n",
				"[07:11:43 | 05:10:2018 | акция] Ставка: 70000$ | Исход: ❌\n",
				"[13:17:58 | 05:10:2018 | акция] Ставка: 541$ | Исход: ✅\n",
				"[13:19:47 | 05:10:2018 | ставка] Ставка: 1000$ | Исход: ✅\n",
				"[13:20:28 | 05:10:2018 | рандом] Ставка: 50$ | Исход: ❌\n",
				"[18:33:29 | 06:10:2018 | казино] Ставка: 50000$ | Исход: ❌\n",
				"[18:34:16 | 06:10:2018 | казино] Ставка: 19000$ | Исход: ❌\n",
				"[18:37:47 | 06:10:2018 | казино] Ставка: 1000$ | Исход: ❌\n"
			]
		},
		"69": {
			"log": [
				"[19:58:51 | 06:10:2018 | казино] Ставка: 20000$ | Исход: ✅\n",
				"[19:58:53 | 06:10:2018 | казино] Ставка: 20000$ | Исход: ❌\n",
				"[19:58:56 | 06:10:2018 | казино] Ставка: 20000$ | Исход: ✅\n",
				"[19:58:58 | 06:10:2018 | казино] Ставка: 20000$ | Исход: ✅\n",
				"[19:59:00 | 06:10:2018 | казино] Ставка: 20000$ | Исход: ✅\n",
				"[19:59:03 | 06:10:2018 | казино] Ставка: 20000$ | Исход: ❌\n",
				"[20:20:37 | 06:10:2018 | казино] Ставка: 20000$ | Исход: ❌\n",
				"[20:20:41 | 06:10:2018 | казино] Ставка: 20000$ | Исход: ❌\n",
				"[20:20:43 | 06:10:2018 | казино] Ставка: 20000$ | Исход: ❌\n",
				"[20:20:46 | 06:10:2018 | казино] Ставка: 20000$ | Исход: ❌\n",
				"[20:20:49 | 06:10:2018 | казино] Ставка: 20000$ | Исход: ❌\n",
				"[20:20:55 | 06:10:2018 | казино] Ставка: 200000$ | Исход: ❌\n",
				"[20:21:02 | 06:10:2018 | казино] Ставка: 2000$ | Исход: ❌\n",
				"[20:21:06 | 06:10:2018 | казино] Ставка: 20000$ | Исход: ❌\n"
			]
		},
		"72": {
			"log": [
				"[23:33:15 | 04:10:2018 | рандом] Ставка: 30$ | Исход: ❌\n",
				"[23:38:07 | 04:10:2018 | акция] Ставка: 50000$ | Исход: ❌\n"
			]
		},
		"74": {
			"log": [
				"[13:38:05 | 05:10:2018 | казино] Ставка: 500000$ | Исход: ❌\n",
				"[13:38:11 | 05:10:2018 | казино] Ставка: 500000$ | Исход: ✅\n",
				"[13:38:14 | 05:10:2018 | казино] Ставка: 500000$ | Исход: ✅\n",
				"[13:38:17 | 05:10:2018 | казино] Ставка: 500000$ | Исход: ✅\n",
				"[13:38:23 | 05:10:2018 | казино] Ставка: 500000$ | Исход: ✅\n",
				"[13:38:28 | 05:10:2018 | казино] Ставка: 500000$ | Исход: ✅\n",
				"[14:43:47 | 05:10:2018 | казино] Ставка: 500000$ | Исход: ❌\n",
				"[14:43:50 | 05:10:2018 | казино] Ставка: 500000$ | Исход: ✅\n",
				"[14:43:51 | 05:10:2018 | казино] Ставка: 500000$ | Исход: ❌\n",
				"[14:43:53 | 05:10:2018 | казино] Ставка: 500000$ | Исход: ✅\n",
				"[14:43:55 | 05:10:2018 | казино] Ставка: 500000$ | Исход: ❌\n",
				"[14:43:56 | 05:10:2018 | казино] Ставка: 500000$ | Исход: ✅\n",
				"[14:43:59 | 05:10:2018 | казино] Ставка: 500000$ | Исход: ✅\n",
				"[14:44:00 | 05:10:2018 | казино] Ставка: 500000$ | Исход: ❌\n"
			]
		},
		"77": {
			"log": [
				"[06:04:46 | 05:10:2018 | казино] Ставка: 5000$ | Исход: ❌\n",
				"[06:53:28 | 05:10:2018 | казино] Ставка: 100000$ | Исход: ✅\n"
			]
		},
		"80": {
			"log": [
				"[09:54:24 | 06:10:2018 | казино] Ставка: 500000$ | Исход: ✅\n",
				"[10:00:07 | 06:10:2018 | казино] Ставка: 500000$ | Исход: ✅\n",
				"[10:00:18 | 06:10:2018 | казино] Ставка: 500000$ | Исход: ❌\n",
				"[10:00:22 | 06:10:2018 | казино] Ставка: 500000$ | Исход: ✅\n",
				"[10:00:25 | 06:10:2018 | казино] Ставка: 500000$ | Исход: ❌\n",
				"[10:00:28 | 06:10:2018 | казино] Ставка: 500000$ | Исход: ❌\n",
				"[10:00:29 | 06:10:2018 | казино] Ставка: 500000$ | Исход: ✅\n",
				"[10:00:30 | 06:10:2018 | казино] Ставка: 500000$ | Исход: ❌\n",
				"[10:00:31 | 06:10:2018 | казино] Ставка: 500000$ | Исход: ❌\n",
				"[10:00:31 | 06:10:2018 | казино] Ставка: 500000$ | Исход: ❌\n",
				"[10:00:32 | 06:10:2018 | казино] Ставка: 500000$ | Исход: ✅\n",
				"[10:00:33 | 06:10:2018 | казино] Ставка: 500000$ | Исход: ✅\n",
				"[10:00:34 | 06:10:2018 | казино] Ставка: 500000$ | Исход: ❌\n",
				"[10:00:39 | 06:10:2018 | казино] Ставка: 500000$ | Исход: ❌\n"
			]
		},
		"83": {
			"log": [
				"[09:28:03 | 05:10:2018 | казино] Ставка: 5000$ | Исход: ❌\n",
				"[09:37:53 | 05:10:2018 | казино] Ставка: 10000$ | Исход: ✅\n",
				"[09:38:07 | 05:10:2018 | казино] Ставка: 10000$ | Исход: ❌\n",
				"[09:38:55 | 05:10:2018 | казино] Ставка: 10000$ | Исход: ❌\n"
			]
		},
		"87": {
			"log": [
				"[05:00:26 | 06:10:2018 | ставка] Ставка: 100$ | Исход: ✅\n",
				"[05:04:11 | 06:10:2018 | казино] Ставка: 1000$ | Исход: ❌\n",
				"[05:04:17 | 06:10:2018 | казино] Ставка: 10000$ | Исход: ✅\n",
				"[05:05:32 | 06:10:2018 | казино] Ставка: 15000$ | Исход: ✅\n"
			]
		},
		"90": {
			"log": [
				"[11:21:51 | 05:10:2018 | казино] Ставка: 20000$ | Исход: ❌\n",
				"[11:22:12 | 05:10:2018 | казино] Ставка: 20000$ | Исход: ❌\n",
				"[11:22:31 | 05:10:2018 | казино] Ставка: 40000$ | Исход: ❌\n",
				"[11:22:48 | 05:10:2018 | казино] Ставка: 10000$ | Исход: ✅\n",
				"[11:22:56 | 05:10:2018 | казино] Ставка: 10000$ | Исход: ❌\n",
				"[11:23:04 | 05:10:2018 | казино] Ставка: 20000$ | Исход: ✅\n",
				"[11:23:13 | 05:10:2018 | казино] Ставка: 10000$ | Исход: ❌\n",
				"[11:23:22 | 05:10:2018 | казино] Ставка: 20000$ | Исход: ❌\n",
				"[11:23:29 | 05:10:2018 | казино] Ставка: 20000$ | Исход: ❌\n",
				"[23:37:15 | 05:10:2018 | казино] Ставка: 10000$ | Исход: ✅\n",
				"[23:37:50 | 05:10:2018 | казино] Ставка: 20000$ | Исход: ✅\n",
				"[23:38:05 | 05:10:2018 | казино] Ставка: 10000$ | Исход: ✅\n",
				"[23:38:13 | 05:10:2018 | казино] Ставка: 10000$ | Исход: ❌\n",
				"[23:38:21 | 05:10:2018 | казино] Ставка: 10000$ | Исход: ❌\n"
			]
		},
		"91": {
			"log": [
				"[09:26:39 | 05:10:2018 | казино] Ставка: 50000$ | Исход: ❌\n",
				"[09:27:10 | 05:10:2018 | казино] Ставка: 20000$ | Исход: ✅\n",
				"[09:27:39 | 05:10:2018 | казино] Ставка: 40$ | Исход: ❌\n",
				"[09:27:50 | 05:10:2018 | казино] Ставка: 40000$ | Исход: ❌\n"
			]
		},
		"93": {
			"log": [
				"[13:50:54 | 05:10:2018 | казино] Ставка: 500000$ | Исход: ✅\n",
				"[14:43:55 | 05:10:2018 | казино] Ставка: 500000$ | Исход: ❌\n",
				"[15:33:25 | 05:10:2018 | казино] Ставка: 500000$ | Исход: ❌\n",
				"[15:33:29 | 05:10:2018 | казино] Ставка: 500000$ | Исход: ✅\n",
				"[15:33:32 | 05:10:2018 | казино] Ставка: 500000$ | Исход: ❌\n",
				"[15:33:36 | 05:10:2018 | казино] Ставка: 500000$ | Исход: ❌\n",
				"[15:33:40 | 05:10:2018 | казино] Ставка: 500000$ | Исход: ✅\n",
				"[15:33:47 | 05:10:2018 | казино] Ставка: 500000$ | Исход: ✅\n",
				"[15:53:13 | 05:10:2018 | казино] Ставка: 500000$ | Исход: ✅\n",
				"[15:53:15 | 05:10:2018 | казино] Ставка: 500000$ | Исход: ✅\n",
				"[15:53:16 | 05:10:2018 | казино] Ставка: 500000$ | Исход: ✅\n",
				"[15:53:18 | 05:10:2018 | казино] Ставка: 500000$ | Исход: ❌\n",
				"[07:05:48 | 06:10:2018 | казино] Ставка: 500000$ | Исход: ✅\n",
				"[08:05:35 | 06:10:2018 | казино] Ставка: 500000$ | Исход: ❌\n"
			]
		},
		"96": {
			"log": [
				"[15:51:30 | 06:10:2018 | казино] Ставка: 200000$ | Исход: ❌\n",
				"[15:51:32 | 06:10:2018 | казино] Ставка: 200000$ | Исход: ✅\n",
				"[15:51:34 | 06:10:2018 | казино] Ставка: 200000$ | Исход: ✅\n",
				"[15:51:36 | 06:10:2018 | казино] Ставка: 200000$ | Исход: ❌\n",
				"[15:51:40 | 06:10:2018 | казино] Ставка: 200000$ | Исход: ✅\n",
				"[15:52:09 | 06:10:2018 | казино] Ставка: 200000$ | Исход: ✅\n",
				"[15:52:12 | 06:10:2018 | казино] Ставка: 200000$ | Исход: ✅\n",
				"[15:52:14 | 06:10:2018 | казино] Ставка: 200000$ | Исход: ✅\n",
				"[19:52:26 | 06:10:2018 | казино] Ставка: 500000$ | Исход: ✅\n",
				"[19:53:37 | 06:10:2018 | казино] Ставка: 200000$ | Исход: ✅\n",
				"[19:53:48 | 06:10:2018 | казино] Ставка: 200000$ | Исход: ✅\n",
				"[19:53:55 | 06:10:2018 | казино] Ставка: 500000$ | Исход: ✅\n",
				"[20:18:47 | 06:10:2018 | казино] Ставка: 500000$ | Исход: ✅\n",
				"[20:18:55 | 06:10:2018 | казино] Ставка: 500000$ | Исход: ✅\n"
			]
		},
		"97": {
			"log": [
				"[11:08:12 | 05:10:2018 | казино] Ставка: 72967$ | Исход: ✅\n",
				"[15:15:24 | 05:10:2018 | казино] Ставка: 125934$ | Исход: ❌\n",
				"[17:05:28 | 05:10:2018 | казино] Ставка: 50000$ | Исход: ✅\n",
				"[01:40:47 | 06:10:2018 | казино] Ставка: 82224$ | Исход: ✅\n",
				"[17:04:25 | 06:10:2018 | казино] Ставка: 134448$ | Исход: ❌\n"
			]
		},
		"103": {
			"log": [
				"[23:19:04 | 05:10:2018 | казино] Ставка: 50$ | Исход: ❌\n",
				"[00:10:28 | 06:10:2018 | казино] Ставка: 5$ | Исход: ❌\n",
				"[00:11:19 | 06:10:2018 | казино] Ставка: 500000$ | Исход: ❌\n",
				"[00:11:26 | 06:10:2018 | казино] Ставка: 500000$ | Исход: ✅\n",
				"[00:11:34 | 06:10:2018 | казино] Ставка: 500000$ | Исход: ✅\n",
				"[00:11:43 | 06:10:2018 | казино] Ставка: 500000$ | Исход: ✅\n",
				"[00:11:56 | 06:10:2018 | казино] Ставка: 500000$ | Исход: ✅\n",
				"[00:12:06 | 06:10:2018 | казино] Ставка: 423000$ | Исход: ✅\n",
				"[00:12:26 | 06:10:2018 | казино] Ставка: 458327$ | Исход: ✅\n",
				"[00:12:46 | 06:10:2018 | казино] Ставка: 500000$ | Исход: ✅\n",
				"[00:12:53 | 06:10:2018 | казино] Ставка: 500000$ | Исход: ✅\n",
				"[11:46:58 | 06:10:2018 | казино] Ставка: 500000$ | Исход: ✅\n",
				"[15:12:46 | 06:10:2018 | казино] Ставка: 500000$ | Исход: ❌\n",
				"[15:13:01 | 06:10:2018 | казино] Ставка: 500000$ | Исход: ✅\n"
			]
		},
		"106": {
			"log": [
				"[13:33:45 | 05:10:2018 | казино] Ставка: 5000$ | Исход: ❌\n",
				"[13:36:35 | 05:10:2018 | казино] Ставка: 33000$ | Исход: ✅\n",
				"[13:38:17 | 05:10:2018 | казино] Ставка: 66000$ | Исход: ❌\n",
				"[17:49:50 | 05:10:2018 | казино] Ставка: 25000$ | Исход: ❌\n",
				"[17:50:22 | 05:10:2018 | казино] Ставка: 9000$ | Исход: ❌\n"
			]
		},
		"108": {
			"log": [
				"[14:17:09 | 05:10:2018 | акция] Ставка: 1000$ | Исход: ❌\n",
				"[14:17:17 | 05:10:2018 | акция] Ставка: 1000$ | Исход: ❌\n",
				"[14:17:23 | 05:10:2018 | акция] Ставка: 1000$ | Исход: ❌\n",
				"[14:17:38 | 05:10:2018 | акция] Ставка: 1000$ | Исход: ✅\n",
				"[14:18:10 | 05:10:2018 | акция] Ставка: 1000$ | Исход: ✅\n",
				"[14:18:16 | 05:10:2018 | акция] Ставка: 1000$ | Исход: ❌\n",
				"[14:18:28 | 05:10:2018 | акция] Ставка: 1000$ | Исход: ❌\n",
				"[14:18:41 | 05:10:2018 | акция] Ставка: 1000$ | Исход: ✅\n",
				"[14:19:04 | 05:10:2018 | акция] Ставка: 1000$ | Исход: ✅\n",
				"[14:19:09 | 05:10:2018 | акция] Ставка: 4000$ | Исход: ✅\n",
				"[14:19:17 | 05:10:2018 | акция] Ставка: 1000$ | Исход: ❌\n",
				"[14:19:39 | 05:10:2018 | акция] Ставка: 1000$ | Исход: ❌\n",
				"[14:20:07 | 05:10:2018 | акция] Ставка: 5000$ | Исход: ❌\n"
			]
		},
		"110": {
			"log": [
				"[14:27:05 | 05:10:2018 | казино] Ставка: 10000$ | Исход: ✅\n"
			]
		},
		"111": {
			"log": [
				"[10:39:28 | 06:10:2018 | казино] Ставка: 10000$ | Исход: ✅\n",
				"[10:39:31 | 06:10:2018 | казино] Ставка: 10000$ | Исход: ✅\n",
				"[10:39:34 | 06:10:2018 | казино] Ставка: 10000$ | Исход: ✅\n",
				"[10:39:37 | 06:10:2018 | казино] Ставка: 10000$ | Исход: ❌\n",
				"[10:39:40 | 06:10:2018 | казино] Ставка: 10000$ | Исход: ❌\n",
				"[10:39:44 | 06:10:2018 | казино] Ставка: 10000$ | Исход: ✅\n",
				"[10:39:48 | 06:10:2018 | казино] Ставка: 10000$ | Исход: ✅\n",
				"[10:39:51 | 06:10:2018 | казино] Ставка: 10000$ | Исход: ✅\n",
				"[10:39:54 | 06:10:2018 | казино] Ставка: 10000$ | Исход: ❌\n",
				"[10:40:09 | 06:10:2018 | казино] Ставка: 10000$ | Исход: ❌\n",
				"[10:40:12 | 06:10:2018 | казино] Ставка: 10000$ | Исход: ❌\n",
				"[10:40:15 | 06:10:2018 | казино] Ставка: 10000$ | Исход: ✅\n",
				"[10:40:18 | 06:10:2018 | казино] Ставка: 10000$ | Исход: ✅\n",
				"[10:41:32 | 06:10:2018 | казино] Ставка: 10000$ | Исход: ✅\n"
			]
		},
		"113": {
			"log": [
				"[06:14:30 | 06:10:2018 | казино] Ставка: 70000$ | Исход: ✅\n",
				"[06:17:04 | 06:10:2018 | казино] Ставка: 100000$ | Исход: ❌\n",
				"[06:17:10 | 06:10:2018 | казино] Ставка: 40000$ | Исход: ✅\n",
				"[06:17:15 | 06:10:2018 | казино] Ставка: 80000$ | Исход: ✅\n",
				"[06:17:34 | 06:10:2018 | казино] Ставка: 10000$ | Исход: ❌\n",
				"[06:17:39 | 06:10:2018 | казино] Ставка: 100000$ | Исход: ✅\n",
				"[06:17:45 | 06:10:2018 | казино] Ставка: 10000$ | Исход: ❌\n",
				"[06:17:52 | 06:10:2018 | казино] Ставка: 100000$ | Исход: ❌\n",
				"[06:18:00 | 06:10:2018 | казино] Ставка: 150000$ | Исход: ✅\n",
				"[06:20:35 | 06:10:2018 | казино] Ставка: 300000$ | Исход: ✅\n",
				"[06:20:42 | 06:10:2018 | казино] Ставка: 10000$ | Исход: ✅\n",
				"[06:20:51 | 06:10:2018 | казино] Ставка: 88000$ | Исход: ❌\n",
				"[06:21:06 | 06:10:2018 | казино] Ставка: 500000$ | Исход: ✅\n",
				"[16:56:58 | 06:10:2018 | казино] Ставка: 500000$ | Исход: ✅\n"
			]
		},
		"117": {
			"log": [
				"[16:13:41 | 05:10:2018 | казино] Ставка: 3000$ | Исход: ❌\n",
				"[16:13:51 | 05:10:2018 | казино] Ставка: 3000$ | Исход: ❌\n"
			]
		},
		"119": {
			"log": [
				"[12:28:35 | 06:10:2018 | казино] Ставка: 10000$ | Исход: ❌\n",
				"[12:28:38 | 06:10:2018 | казино] Ставка: 10$ | Исход: ❌\n",
				"[12:28:40 | 06:10:2018 | казино] Ставка: 100$ | Исход: ❌\n",
				"[12:28:43 | 06:10:2018 | казино] Ставка: 10000$ | Исход: ✅\n",
				"[12:28:46 | 06:10:2018 | казино] Ставка: 10000$ | Исход: ❌\n",
				"[12:28:52 | 06:10:2018 | казино] Ставка: 10$ | Исход: ❌\n",
				"[12:28:54 | 06:10:2018 | казино] Ставка: 10000$ | Исход: ✅\n",
				"[12:29:34 | 06:10:2018 | казино] Ставка: 1000$ | Исход: ❌\n",
				"[12:29:36 | 06:10:2018 | казино] Ставка: 1$ | Исход: ✅\n",
				"[12:29:38 | 06:10:2018 | казино] Ставка: 10000$ | Исход: ❌\n",
				"[12:29:40 | 06:10:2018 | казино] Ставка: 10$ | Исход: ✅\n",
				"[12:29:41 | 06:10:2018 | казино] Ставка: 10000$ | Исход: ❌\n",
				"[12:29:43 | 06:10:2018 | казино] Ставка: 100$ | Исход: ❌\n",
				"[12:29:47 | 06:10:2018 | казино] Ставка: 10000$ | Исход: ❌\n"
			]
		},
		"121": {
			"log": [
				"[17:50:29 | 05:10:2018 | казино] Ставка: 5000$ | Исход: ❌\n",
				"[17:50:31 | 05:10:2018 | казино] Ставка: 5000$ | Исход: ❌\n",
				"[18:00:40 | 05:10:2018 | казино] Ставка: 10000$ | Исход: ✅\n",
				"[20:30:48 | 05:10:2018 | казино] Ставка: 500000$ | Исход: ❌\n",
				"[20:30:50 | 05:10:2018 | казино] Ставка: 500000$ | Исход: ❌\n",
				"[20:30:54 | 05:10:2018 | казино] Ставка: 500000$ | Исход: ❌\n",
				"[20:30:56 | 05:10:2018 | казино] Ставка: 500000$ | Исход: ❌\n",
				"[20:30:59 | 05:10:2018 | казино] Ставка: 500000$ | Исход: ✅\n",
				"[20:31:01 | 05:10:2018 | казино] Ставка: 500000$ | Исход: ❌\n",
				"[20:31:04 | 05:10:2018 | казино] Ставка: 500000$ | Исход: ❌\n",
				"[19:56:03 | 06:10:2018 | казино] Ставка: 500000$ | Исход: ❌\n",
				"[19:56:05 | 06:10:2018 | казино] Ставка: 500000$ | Исход: ✅\n",
				"[19:56:07 | 06:10:2018 | казино] Ставка: 500000$ | Исход: ❌\n",
				"[19:56:08 | 06:10:2018 | казино] Ставка: 500000$ | Исход: ❌\n"
			]
		},
		"123": {
			"log": [
				"[21:07:38 | 05:10:2018 | казино] Ставка: 500000$ | Исход: ✅\n",
				"[21:08:00 | 05:10:2018 | казино] Ставка: 500000$ | Исход: ❌\n",
				"[21:08:07 | 05:10:2018 | казино] Ставка: 500000$ | Исход: ❌\n",
				"[21:08:13 | 05:10:2018 | казино] Ставка: 300000$ | Исход: ✅\n",
				"[21:08:29 | 05:10:2018 | казино] Ставка: 250000$ | Исход: ✅\n",
				"[23:03:03 | 05:10:2018 | казино] Ставка: 300000$ | Исход: ✅\n",
				"[23:03:10 | 05:10:2018 | казино] Ставка: 300000$ | Исход: ✅\n",
				"[23:03:16 | 05:10:2018 | казино] Ставка: 300000$ | Исход: ✅\n",
				"[23:03:28 | 05:10:2018 | казино] Ставка: 300000$ | Исход: ❌\n",
				"[23:03:40 | 05:10:2018 | казино] Ставка: 500000$ | Исход: ✅\n",
				"[23:03:49 | 05:10:2018 | казино] Ставка: 140000$ | Исход: ❌\n",
				"[23:03:58 | 05:10:2018 | казино] Ставка: 280000$ | Исход: ✅\n",
				"[23:04:06 | 05:10:2018 | казино] Ставка: 250000$ | Исход: ✅\n",
				"[23:04:13 | 05:10:2018 | казино] Ставка: 260000$ | Исход: ✅\n"
			]
		},
		"125": {
			"log": [
				"[21:35:10 | 05:10:2018 | казино] Ставка: 1$ | Исход: ✅\n"
			]
		},
		"129": {
			"log": [
				"[10:00:08 | 06:10:2018 | казино] Ставка: 500000$ | Исход: ✅\n",
				"[10:00:19 | 06:10:2018 | казино] Ставка: 500000$ | Исход: ✅\n",
				"[10:00:27 | 06:10:2018 | казино] Ставка: 500000$ | Исход: ✅\n",
				"[10:00:35 | 06:10:2018 | казино] Ставка: 500000$ | Исход: ❌\n",
				"[10:00:45 | 06:10:2018 | казино] Ставка: 500000$ | Исход: ❌\n",
				"[10:00:58 | 06:10:2018 | казино] Ставка: 500000$ | Исход: ✅\n",
				"[10:01:14 | 06:10:2018 | казино] Ставка: 500000$ | Исход: ✅\n",
				"[10:01:26 | 06:10:2018 | казино] Ставка: 500000$ | Исход: ✅\n",
				"[10:52:22 | 06:10:2018 | казино] Ставка: 500000$ | Исход: ❌\n",
				"[10:52:34 | 06:10:2018 | казино] Ставка: 500000$ | Исход: ✅\n",
				"[11:33:56 | 06:10:2018 | казино] Ставка: 500000$ | Исход: ❌\n",
				"[11:34:12 | 06:10:2018 | казино] Ставка: 500000$ | Исход: ✅\n",
				"[11:34:21 | 06:10:2018 | казино] Ставка: 500000$ | Исход: ❌\n",
				"[11:34:42 | 06:10:2018 | казино] Ставка: 500000$ | Исход: ❌\n"
			]
		},
		"130": {
			"log": [
				"[20:22:25 | 06:10:2018 | казино] Ставка: 200000$ | Исход: ✅\n",
				"[20:22:26 | 06:10:2018 | казино] Ставка: 200000$ | Исход: ✅\n",
				"[20:22:27 | 06:10:2018 | казино] Ставка: 200000$ | Исход: ✅\n",
				"[20:22:28 | 06:10:2018 | казино] Ставка: 200000$ | Исход: ✅\n",
				"[20:22:34 | 06:10:2018 | казино] Ставка: 200000$ | Исход: ❌\n",
				"[20:22:44 | 06:10:2018 | казино] Ставка: 200000$ | Исход: ✅\n",
				"[20:22:45 | 06:10:2018 | казино] Ставка: 200000$ | Исход: ✅\n",
				"[20:22:46 | 06:10:2018 | казино] Ставка: 200000$ | Исход: ✅\n",
				"[20:22:47 | 06:10:2018 | казино] Ставка: 200000$ | Исход: ❌\n",
				"[20:22:48 | 06:10:2018 | казино] Ставка: 200000$ | Исход: ✅\n",
				"[20:22:49 | 06:10:2018 | казино] Ставка: 200000$ | Исход: ❌\n",
				"[20:22:50 | 06:10:2018 | казино] Ставка: 200000$ | Исход: ❌\n",
				"[20:22:51 | 06:10:2018 | казино] Ставка: 200000$ | Исход: ✅\n",
				"[20:22:52 | 06:10:2018 | казино] Ставка: 200000$ | Исход: ❌\n"
			]
		},
		"131": {
			"log": [
				"[19:55:25 | 06:10:2018 | казино] Ставка: 5000$ | Исход: ❌\n",
				"[19:55:28 | 06:10:2018 | казино] Ставка: 5000$ | Исход: ❌\n",
				"[19:56:04 | 06:10:2018 | казино] Ставка: 5000$ | Исход: ❌\n",
				"[19:56:21 | 06:10:2018 | казино] Ставка: 5000$ | Исход: ❌\n",
				"[20:00:07 | 06:10:2018 | казино] Ставка: 20000$ | Исход: ✅\n",
				"[20:00:28 | 06:10:2018 | казино] Ставка: 5$ | Исход: ❌\n",
				"[20:00:35 | 06:10:2018 | казино] Ставка: 20000$ | Исход: ✅\n",
				"[20:00:41 | 06:10:2018 | казино] Ставка: 5$ | Исход: ❌\n",
				"[20:00:45 | 06:10:2018 | казино] Ставка: 50000$ | Исход: ✅\n",
				"[20:02:10 | 06:10:2018 | казино] Ставка: 50000$ | Исход: ❌\n",
				"[20:02:14 | 06:10:2018 | казино] Ставка: 50000$ | Исход: ❌\n",
				"[20:08:01 | 06:10:2018 | казино] Ставка: 50000$ | Исход: ❌\n",
				"[20:08:10 | 06:10:2018 | казино] Ставка: 5000$ | Исход: ❌\n",
				"[20:08:13 | 06:10:2018 | казино] Ставка: 5000$ | Исход: ❌\n"
			]
		},
		"132": {
			"log": [
				"[11:15:17 | 06:10:2018 | казино] Ставка: 4000$ | Исход: ❌\n",
				"[11:16:21 | 06:10:2018 | казино] Ставка: 2000$ | Исход: ❌\n",
				"[11:17:47 | 06:10:2018 | казино] Ставка: 2000$ | Исход: ❌\n",
				"[11:24:48 | 06:10:2018 | казино] Ставка: 2000$ | Исход: ❌\n",
				"[19:32:47 | 06:10:2018 | казино] Ставка: 2000$ | Исход: ❌\n",
				"[19:32:53 | 06:10:2018 | казино] Ставка: 2000$ | Исход: ❌\n",
				"[20:03:23 | 06:10:2018 | казино] Ставка: 2000$ | Исход: ❌\n",
				"[20:03:30 | 06:10:2018 | казино] Ставка: 2000$ | Исход: ❌\n",
				"[20:04:01 | 06:10:2018 | казино] Ставка: 1000$ | Исход: ❌\n",
				"[20:04:15 | 06:10:2018 | казино] Ставка: 1000$ | Исход: ❌\n"
			]
		},
		"134": {
			"log": [
				"[19:45:14 | 06:10:2018 | казино] Ставка: 500000$ | Исход: ✅\n",
				"[19:47:28 | 06:10:2018 | казино] Ставка: 500000$ | Исход: ✅\n",
				"[19:47:41 | 06:10:2018 | казино] Ставка: 500000$ | Исход: ❌\n",
				"[19:47:50 | 06:10:2018 | казино] Ставка: 500000$ | Исход: ❌\n",
				"[19:47:59 | 06:10:2018 | казино] Ставка: 500000$ | Исход: ❌\n",
				"[19:48:08 | 06:10:2018 | казино] Ставка: 500000$ | Исход: ✅\n",
				"[19:48:15 | 06:10:2018 | казино] Ставка: 500000$ | Исход: ❌\n"
			]
		},
		"135": {
			"log": [
				"[14:10:19 | 06:10:2018 | казино] Ставка: 100000$ | Исход: ❌\n",
				"[14:10:31 | 06:10:2018 | казино] Ставка: 50000$ | Исход: ❌\n",
				"[14:10:49 | 06:10:2018 | казино] Ставка: 50000$ | Исход: ✅\n",
				"[14:11:16 | 06:10:2018 | казино] Ставка: 150000$ | Исход: ✅\n",
				"[14:16:27 | 06:10:2018 | казино] Ставка: 10000$ | Исход: ✅\n",
				"[17:52:48 | 06:10:2018 | казино] Ставка: 10000$ | Исход: ❌\n",
				"[17:52:57 | 06:10:2018 | казино] Ставка: 10000$ | Исход: ✅\n",
				"[17:53:06 | 06:10:2018 | казино] Ставка: 10000$ | Исход: ❌\n",
				"[17:53:14 | 06:10:2018 | казино] Ставка: 10000$ | Исход: ✅\n",
				"[17:53:22 | 06:10:2018 | казино] Ставка: 10000$ | Исход: ✅\n",
				"[19:24:01 | 06:10:2018 | казино] Ставка: 10000$ | Исход: ✅\n",
				"[19:24:35 | 06:10:2018 | казино] Ставка: 20000$ | Исход: ❌\n",
				"[19:24:47 | 06:10:2018 | казино] Ставка: 100000$ | Исход: ✅\n",
				"[19:26:28 | 06:10:2018 | казино] Ставка: 777$ | Исход: ❌\n"
			]
		},
		"141": {
			"log": [
				"[13:42:31 | 06:10:2018 | казино] Ставка: 50000$ | Исход: ❌\n",
				"[13:43:17 | 06:10:2018 | казино] Ставка: 44444$ | Исход: ❌\n",
				"[13:43:37 | 06:10:2018 | казино] Ставка: 100000$ | Исход: ✅\n",
				"[13:43:58 | 06:10:2018 | казино] Ставка: 200000$ | Исход: ❌\n",
				"[14:15:49 | 06:10:2018 | казино] Ставка: 30000$ | Исход: ❌\n",
				"[14:16:23 | 06:10:2018 | казино] Ставка: 10000$ | Исход: ❌\n",
				"[14:19:00 | 06:10:2018 | казино] Ставка: 8000$ | Исход: ❌\n",
				"[19:38:24 | 06:10:2018 | ставка] Ставка: 100$ | Исход: ✅\n",
				"[19:38:52 | 06:10:2018 | ставка] Ставка: 2000$ | Исход: ❌\n",
				"[19:39:07 | 06:10:2018 | ставка] Ставка: 10000$ | Исход: ❌\n",
				"[19:40:05 | 06:10:2018 | акция] Ставка: 10000$ | Исход: ❌\n",
				"[19:45:53 | 06:10:2018 | казино] Ставка: 10000$ | Исход: ✅\n",
				"[19:46:07 | 06:10:2018 | казино] Ставка: 100000$ | Исход: ❌\n",
				"[19:46:15 | 06:10:2018 | казино] Ставка: 20000$ | Исход: ✅\n"
			]
		},
		"142": {
			"log": [
				"[16:59:53 | 06:10:2018 | казино] Ставка: 1$ | Исход: ❌\n",
				"[16:59:55 | 06:10:2018 | казино] Ставка: 1$ | Исход: ❌\n",
				"[16:59:58 | 06:10:2018 | казино] Ставка: 1$ | Исход: ✅\n",
				"[17:00:01 | 06:10:2018 | казино] Ставка: 1$ | Исход: ✅\n",
				"[17:00:08 | 06:10:2018 | казино] Ставка: 1$ | Исход: ❌\n",
				"[17:06:37 | 06:10:2018 | казино] Ставка: 1$ | Исход: ❌\n",
				"[17:06:40 | 06:10:2018 | казино] Ставка: 1$ | Исход: ✅\n",
				"[17:06:44 | 06:10:2018 | казино] Ставка: 1$ | Исход: ✅\n",
				"[17:06:47 | 06:10:2018 | казино] Ставка: 1$ | Исход: ❌\n",
				"[17:06:49 | 06:10:2018 | казино] Ставка: 1$ | Исход: ❌\n",
				"[17:06:52 | 06:10:2018 | казино] Ставка: 1$ | Исход: ❌\n",
				"[17:06:55 | 06:10:2018 | казино] Ставка: 1$ | Исход: ❌\n",
				"[17:06:58 | 06:10:2018 | казино] Ставка: 1$ | Исход: ❌\n",
				"[17:07:00 | 06:10:2018 | казино] Ставка: 21$ | Исход: ✅\n"
			]
		},
		"147": {
			"log": [
				"[09:48:01 | 06:10:2018 | ставка] Ставка: 5000$ | Исход: ❌\n"
			]
		},
		"172": {
			"log": [
				"[18:52:49 | 06:10:2018 | казино] Ставка: 1000$ | Исход: ❌\n",
				"[18:53:27 | 06:10:2018 | казино] Ставка: 1000$ | Исход: ❌\n",
				"[18:53:34 | 06:10:2018 | казино] Ставка: 5000$ | Исход: ❌\n",
				"[18:53:39 | 06:10:2018 | казино] Ставка: 9000$ | Исход: ❌\n",
				"[18:53:45 | 06:10:2018 | казино] Ставка: 15000$ | Исход: ❌\n",
				"[18:53:55 | 06:10:2018 | казино] Ставка: 25000$ | Исход: ✅\n",
				"[18:55:13 | 06:10:2018 | казино] Ставка: 50000$ | Исход: ❌\n"
			]
		},
		"174": {
			"log": [
				"[18:58:41 | 06:10:2018 | казино] Ставка: 1$ | Исход: ❌\n",
				"[18:58:48 | 06:10:2018 | казино] Ставка: 50$ | Исход: ❌\n"
			]
		}
	}
}