{
	"point": {
		"1": {
			"log": []
		},
		"7": {
			"log": [
				"[17:43:53 | 23:10:2018 | Pay] Выдал [ID: 7] игроку [ID: 110] -> 3000000$\n"
			]
		},
		"25": {
			"log": [
				"[17:01:16 | 25:10:2018 | Pay] Выдал [ID: 25] игроку [ID: 130] -> 8$\n",
				"[17:39:09 | 25:10:2018 | Pay] Выдал [ID: 25] игроку [ID: 130] -> 5000000$\n"
			]
		},
		"29": {
			"log": [
				"[15:54:48 | 23:10:2018 | Pay] Выдал [ID: 29] игроку [ID: 78] -> 100000$\n"
			]
		},
		"34": {
			"log": [
				"[14:55:23 | 23:10:2018 | Pay] Выдал [ID: 34] игроку [ID: 74] -> 10000000$\n",
				"[16:15:54 | 23:10:2018 | Pay] Выдал [ID: 34] игроку [ID: 74] -> 10000000$\n",
				"[17:19:20 | 23:10:2018 | Pay] Выдал [ID: 34] игроку [ID: 74] -> 10000000$\n",
				"[12:24:34 | 28:10:2018 | Pay] Выдал [ID: 34] игроку [ID: 219] -> 5000000$\n"
			]
		},
		"41": {
			"log": [
				"[13:28:01 | 27:10:2018 | Pay] Выдал [ID: 41] игроку [ID: 219] -> 2914418$\n",
				"[13:35:36 | 27:10:2018 | Pay] Выдал [ID: 41] игроку [ID: 203] -> 3100000$\n"
			]
		},
		"62": {
			"log": [
				"[12:00:14 | 29:10:2018 | Pay] Выдал [ID: 200] игроку [ID: 62] -> 1000000$\n"
			]
		},
		"69": {
			"log": [
				"[15:59:42 | 23:10:2018 | Pay] Выдал [ID: 91] игроку [ID: 69] -> 5000$\n",
				"[18:21:28 | 23:10:2018 | Pay] Выдал [ID: 69] игроку [ID: 79] -> 94$\n",
				"[20:09:51 | 24:10:2018 | Pay] Выдал [ID: 69] игроку [ID: 79] -> 100000$\n",
				"[20:42:10 | 29:10:2018 | Pay] Выдал [ID: 69] игроку [ID: 79] -> 1$\n"
			]
		},
		"74": {
			"log": [
				"[14:55:23 | 23:10:2018 | Pay] Выдал [ID: 34] игроку [ID: 74] -> 10000000$\n",
				"[16:15:54 | 23:10:2018 | Pay] Выдал [ID: 34] игроку [ID: 74] -> 10000000$\n",
				"[17:19:20 | 23:10:2018 | Pay] Выдал [ID: 34] игроку [ID: 74] -> 10000000$\n"
			]
		},
		"78": {
			"log": [
				"[15:54:48 | 23:10:2018 | Pay] Выдал [ID: 29] игроку [ID: 78] -> 100000$\n"
			]
		},
		"79": {
			"log": [
				"[18:21:28 | 23:10:2018 | Pay] Выдал [ID: 69] игроку [ID: 79] -> 94$\n",
				"[20:09:51 | 24:10:2018 | Pay] Выдал [ID: 69] игроку [ID: 79] -> 100000$\n",
				"[20:42:10 | 29:10:2018 | Pay] Выдал [ID: 69] игроку [ID: 79] -> 1$\n"
			]
		},
		"91": {
			"log": [
				"[15:59:42 | 23:10:2018 | Pay] Выдал [ID: 91] игроку [ID: 69] -> 5000$\n"
			]
		},
		"110": {
			"log": [
				"[17:43:53 | 23:10:2018 | Pay] Выдал [ID: 7] игроку [ID: 110] -> 3000000$\n"
			]
		},
		"130": {
			"log": [
				"[17:01:16 | 25:10:2018 | Pay] Выдал [ID: 25] игроку [ID: 130] -> 8$\n",
				"[17:39:09 | 25:10:2018 | Pay] Выдал [ID: 25] игроку [ID: 130] -> 5000000$\n"
			]
		},
		"200": {
			"log": [
				"[13:53:55 | 27:10:2018 | Pay] Выдал [ID: 203] игроку [ID: 200] -> 1000000$\n",
				"[13:54:24 | 27:10:2018 | Pay] Выдал [ID: 200] игроку [ID: 200] -> 1000000$\n",
				"[13:54:24 | 27:10:2018 | Pay] Выдал [ID: 200] игроку [ID: 200] -> 1000000$\n",
				"[12:00:14 | 29:10:2018 | Pay] Выдал [ID: 200] игроку [ID: 62] -> 1000000$\n",
				"[18:03:23 | 29:10:2018 | Pay] Выдал [ID: 203] игроку [ID: 200] -> 1000000$\n"
			]
		},
		"203": {
			"log": [
				"[13:35:36 | 27:10:2018 | Pay] Выдал [ID: 41] игроку [ID: 203] -> 3100000$\n",
				"[13:53:55 | 27:10:2018 | Pay] Выдал [ID: 203] игроку [ID: 200] -> 1000000$\n",
				"[18:03:23 | 29:10:2018 | Pay] Выдал [ID: 203] игроку [ID: 200] -> 1000000$\n"
			]
		},
		"219": {
			"log": [
				"[13:28:01 | 27:10:2018 | Pay] Выдал [ID: 41] игроку [ID: 219] -> 2914418$\n",
				"[13:54:54 | 27:10:2018 | Pay] Выдал [ID: 219] игроку [ID: 219] -> 400000$\n",
				"[13:54:54 | 27:10:2018 | Pay] Выдал [ID: 219] игроку [ID: 219] -> 400000$\n",
				"[12:24:34 | 28:10:2018 | Pay] Выдал [ID: 34] игроку [ID: 219] -> 5000000$\n"
			]
		}
	},
	"warns": {
		"2": {
			"log": [
				"[18:52:44 | 25:10:2018 | warn] Выдал [ID: 34] игроку [ID: 2] | Причина: правило\n"
			]
		},
		"7": {
			"log": [
				"[17:45:28 | 23:10:2018 | warn] Выдал [ID: 7] игроку [ID: 7] | Причина: 10\n",
				"[17:45:28 | 23:10:2018 | warn] Выдал [ID: 7] игроку [ID: 7] | Причина: 10\n",
				"[19:16:57 | 24:10:2018 | warn] Выдал [ID: 7] игроку [ID: 154] | Причина: 7\n",
				"[18:56:59 | 25:10:2018 | warn] Выдал [ID: 7] игроку [ID: 192] | Причина: 3.6\n"
			]
		},
		"34": {
			"log": [
				"[18:52:44 | 25:10:2018 | warn] Выдал [ID: 34] игроку [ID: 2] | Причина: правило\n"
			]
		},
		"154": {
			"log": [
				"[19:16:57 | 24:10:2018 | warn] Выдал [ID: 7] игроку [ID: 154] | Причина: 7\n"
			]
		},
		"192": {
			"log": [
				"[18:56:59 | 25:10:2018 | warn] Выдал [ID: 7] игроку [ID: 192] | Причина: 3.6\n"
			]
		}
	},
	"setwin": {},
	"admin": {
		"1": {
			"log": [
				"[11:20:03 | 23:10:2018 | Admin] Выдал [ID: 1] игроку [ID: 3] -> 4 lvl\n",
				"[13:27:37 | 23:10:2018 | Admin] Выдал [ID: 1] игроку [ID: 7] -> 3 lvl\n",
				"[16:35:30 | 26:10:2018 | Admin] Выдал [ID: 1] игроку [ID: 53] -> 3 lvl\n"
			]
		},
		"2": {
			"log": [
				"[14:26:56 | 23:10:2018 | Admin] Выдал [ID: 2] игроку [ID: 64] -> 2 lvl\n",
				"[14:54:14 | 23:10:2018 | Admin] Выдал [ID: 2] игроку [ID: 50] -> 2 lvl\n",
				"[17:49:24 | 23:10:2018 | Admin] Выдал [ID: 2] игроку [ID: 2] -> 5 lvl\n",
				"[17:49:24 | 23:10:2018 | Admin] Выдал [ID: 2] игроку [ID: 2] -> 5 lvl\n",
				"[18:53:27 | 25:10:2018 | Admin] Выдал [ID: 2] игроку [ID: 34] -> 0 lvl\n",
				"[21:41:59 | 25:10:2018 | Admin] Выдал [ID: 2] игроку [ID: 167] -> 2 lvl\n"
			]
		},
		"3": {
			"log": [
				"[11:20:03 | 23:10:2018 | Admin] Выдал [ID: 1] игроку [ID: 3] -> 4 lvl\n"
			]
		},
		"7": {
			"log": [
				"[13:27:37 | 23:10:2018 | Admin] Выдал [ID: 1] игроку [ID: 7] -> 3 lvl\n"
			]
		},
		"34": {
			"log": [
				"[18:53:27 | 25:10:2018 | Admin] Выдал [ID: 2] игроку [ID: 34] -> 0 lvl\n"
			]
		},
		"50": {
			"log": [
				"[14:54:14 | 23:10:2018 | Admin] Выдал [ID: 2] игроку [ID: 50] -> 2 lvl\n"
			]
		},
		"53": {
			"log": [
				"[16:35:30 | 26:10:2018 | Admin] Выдал [ID: 1] игроку [ID: 53] -> 3 lvl\n"
			]
		},
		"64": {
			"log": [
				"[14:26:56 | 23:10:2018 | Admin] Выдал [ID: 2] игроку [ID: 64] -> 2 lvl\n"
			]
		},
		"167": {
			"log": [
				"[21:41:59 | 25:10:2018 | Admin] Выдал [ID: 2] игроку [ID: 167] -> 2 lvl\n"
			]
		}
	},
	"give": {
		"1": {
			"log": [
				"[11:02:49 | 23:10:2018 | Give] Выдал [ID: 2] игроку [ID: 1] -> 11$\n",
				"[13:26:33 | 23:10:2018 | Give] Выдал [ID: 1] игроку [ID: 1] -> 555555$\n",
				"[13:26:33 | 23:10:2018 | Give] Выдал [ID: 1] игроку [ID: 1] -> 555555$\n",
				"[18:37:47 | 24:10:2018 | Give] Выдал [ID: 1] игроку [ID: 53] -> 1000000$\n"
			]
		},
		"2": {
			"log": [
				"[11:02:49 | 23:10:2018 | Give] Выдал [ID: 2] игроку [ID: 1] -> 11$\n",
				"[14:53:13 | 23:10:2018 | Give] Выдал [ID: 2] игроку [ID: 50] -> 500000$\n",
				"[20:29:55 | 26:10:2018 | Give] Выдал [ID: 2] игроку [ID: 150] -> 10000000000$\n"
			]
		},
		"50": {
			"log": [
				"[14:53:13 | 23:10:2018 | Give] Выдал [ID: 2] игроку [ID: 50] -> 500000$\n"
			]
		},
		"53": {
			"log": [
				"[18:37:47 | 24:10:2018 | Give] Выдал [ID: 1] игроку [ID: 53] -> 1000000$\n"
			]
		},
		"150": {
			"log": [
				"[20:29:55 | 26:10:2018 | Give] Выдал [ID: 2] игроку [ID: 150] -> 10000000000$\n"
			]
		}
	},
	"remove": {
		"1": {
			"log": [
				"[08:14:00 | 24:10:2018 | Remove] Забрал [ID: 1] у игрока [ID: 1] \n",
				"[08:14:00 | 24:10:2018 | Remove] Забрал [ID: 1] у игрока [ID: 1] \n",
				"[12:59:50 | 24:10:2018 | Remove] Забрал [ID: 1] у игрока [ID: 4] \n",
				"[13:00:17 | 24:10:2018 | Remove] Забрал [ID: 1] у игрока [ID: 1] \n",
				"[13:00:17 | 24:10:2018 | Remove] Забрал [ID: 1] у игрока [ID: 1] \n",
				"[17:34:39 | 24:10:2018 | Remove] Забрал [ID: 1] у игрока [ID: 1] \n",
				"[17:34:39 | 24:10:2018 | Remove] Забрал [ID: 1] у игрока [ID: 1] \n",
				"[18:37:30 | 24:10:2018 | Remove] Забрал [ID: 1] у игрока [ID: 1] \n",
				"[18:37:30 | 24:10:2018 | Remove] Забрал [ID: 1] у игрока [ID: 1] \n",
				"[18:40:05 | 24:10:2018 | Remove] Забрал [ID: 1] у игрока [ID: 53] \n"
			]
		},
		"4": {
			"log": [
				"[12:59:50 | 24:10:2018 | Remove] Забрал [ID: 1] у игрока [ID: 4] \n"
			]
		},
		"53": {
			"log": [
				"[18:40:05 | 24:10:2018 | Remove] Забрал [ID: 1] у игрока [ID: 53] \n"
			]
		}
	},
	"game": {
		"1": {
			"log": [
				"[13:39:09 | 23:10:2018 | казино] Ставка: 555555$ | Исход: ✅\n",
				"[13:39:16 | 23:10:2018 | казино] Ставка: 2000000$ | Исход: ❌\n",
				"[13:39:25 | 23:10:2018 | казино] Ставка: 222000$ | Исход: ❌\n",
				"[13:39:34 | 23:10:2018 | казино] Ставка: 220$ | Исход: ❌\n",
				"[13:07:29 | 24:10:2018 | казино] Ставка: 94000$ | Исход: ❌\n"
			]
		},
		"2": {
			"log": [
				"[20:58:51 | 23:10:2018 | казино] Ставка: 100000$ | Исход: ✅\n",
				"[20:58:55 | 23:10:2018 | казино] Ставка: 100000$ | Исход: ❌\n",
				"[20:58:58 | 23:10:2018 | казино] Ставка: 100000$ | Исход: ❌\n",
				"[20:59:01 | 23:10:2018 | казино] Ставка: 100000$ | Исход: ❌\n",
				"[20:59:04 | 23:10:2018 | казино] Ставка: 100000$ | Исход: ✅\n",
				"[20:59:08 | 23:10:2018 | казино] Ставка: 100000$ | Исход: ❌\n",
				"[11:26:47 | 24:10:2018 | казино] Ставка: 1000000$ | Исход: ❌\n",
				"[11:26:50 | 24:10:2018 | казино] Ставка: 1000000$ | Исход: ❌\n",
				"[11:26:52 | 24:10:2018 | казино] Ставка: 1000$ | Исход: ❌\n",
				"[11:26:54 | 24:10:2018 | казино] Ставка: 1000$ | Исход: ❌\n",
				"[11:26:57 | 24:10:2018 | казино] Ставка: 1000000$ | Исход: ❌\n",
				"[11:27:05 | 24:10:2018 | казино] Ставка: 1000000$ | Исход: ❌\n",
				"[11:27:10 | 24:10:2018 | казино] Ставка: 1000$ | Исход: ❌\n",
				"[11:27:15 | 24:10:2018 | казино] Ставка: 1000000$ | Исход: ✅\n"
			]
		},
		"3": {
			"log": [
				"[23:36:43 | 30:10:2018 | ставка] Ставка: 10000000$ | Исход: ✅\n",
				"[23:36:49 | 30:10:2018 | ставка] Ставка: 10000$ | Исход: ❌\n",
				"[23:36:52 | 30:10:2018 | ставка] Ставка: 10000000$ | Исход: ✅\n",
				"[23:36:55 | 30:10:2018 | ставка] Ставка: 10000$ | Исход: ✅\n",
				"[23:36:57 | 30:10:2018 | ставка] Ставка: 10000$ | Исход: ❌\n",
				"[23:37:00 | 30:10:2018 | ставка] Ставка: 10000$ | Исход: ✅\n",
				"[23:37:02 | 30:10:2018 | ставка] Ставка: 10000$ | Исход: ✅\n",
				"[23:37:05 | 30:10:2018 | ставка] Ставка: 10000$ | Исход: ❌\n",
				"[23:37:09 | 30:10:2018 | ставка] Ставка: 10000$ | Исход: ✅\n",
				"[23:37:18 | 30:10:2018 | ставка] Ставка: 900000$ | Исход: ❌\n",
				"[23:37:23 | 30:10:2018 | ставка] Ставка: 900000$ | Исход: ❌\n",
				"[23:37:27 | 30:10:2018 | ставка] Ставка: 900000$ | Исход: ✅\n",
				"[23:37:31 | 30:10:2018 | ставка] Ставка: 900$ | Исход: ❌\n",
				"[23:37:33 | 30:10:2018 | ставка] Ставка: 900000$ | Исход: ❌\n"
			]
		},
		"5": {
			"log": [
				"[16:03:46 | 26:10:2018 | акция] Ставка: 10000$ | Исход: ❌\n",
				"[16:03:50 | 26:10:2018 | акция] Ставка: 10000$ | Исход: ✅\n",
				"[16:03:54 | 26:10:2018 | акция] Ставка: 20000$ | Исход: ❌\n",
				"[16:03:58 | 26:10:2018 | акция] Ставка: 20000$ | Исход: ✅\n",
				"[16:04:02 | 26:10:2018 | акция] Ставка: 20000$ | Исход: ❌\n",
				"[16:04:07 | 26:10:2018 | акция] Ставка: 20000$ | Исход: ❌\n",
				"[16:04:15 | 26:10:2018 | акция] Ставка: 10000$ | Исход: ❌\n",
				"[12:08:28 | 27:10:2018 | акция] Ставка: 5000$ | Исход: ✅\n",
				"[12:08:33 | 27:10:2018 | акция] Ставка: 5000$ | Исход: ❌\n",
				"[12:08:41 | 27:10:2018 | акция] Ставка: 15000$ | Исход: ❌\n",
				"[12:08:46 | 27:10:2018 | акция] Ставка: 25000$ | Исход: ✅\n",
				"[12:08:54 | 27:10:2018 | акция] Ставка: 5000$ | Исход: ✅\n",
				"[12:08:59 | 27:10:2018 | акция] Ставка: 5000$ | Исход: ✅\n",
				"[12:09:03 | 27:10:2018 | акция] Ставка: 5000$ | Исход: ❌\n"
			]
		},
		"7": {
			"log": [
				"[20:00:33 | 25:10:2018 | казино] Ставка: 50000000$ | Исход: ✅\n",
				"[20:00:35 | 25:10:2018 | казино] Ставка: 50000000$ | Исход: ❌\n",
				"[20:00:37 | 25:10:2018 | казино] Ставка: 50000000$ | Исход: ❌\n",
				"[20:00:39 | 25:10:2018 | казино] Ставка: 50000000$ | Исход: ❌\n",
				"[20:00:41 | 25:10:2018 | казино] Ставка: 50000000$ | Исход: ❌\n",
				"[20:00:43 | 25:10:2018 | казино] Ставка: 50000000$ | Исход: ❌\n",
				"[20:00:46 | 25:10:2018 | казино] Ставка: 50000000$ | Исход: ❌\n",
				"[20:00:48 | 25:10:2018 | казино] Ставка: 50000000$ | Исход: ❌\n",
				"[20:00:49 | 25:10:2018 | казино] Ставка: 50000000$ | Исход: ❌\n",
				"[20:00:51 | 25:10:2018 | казино] Ставка: 50000000$ | Исход: ❌\n",
				"[20:00:54 | 25:10:2018 | казино] Ставка: 50000000$ | Исход: ✅\n",
				"[20:00:56 | 25:10:2018 | казино] Ставка: 50000000$ | Исход: ❌\n",
				"[15:55:43 | 26:10:2018 | акция] Ставка: 500000000$ | Исход: ✅\n",
				"[19:15:25 | 28:10:2018 | акция] Ставка: 669000000$ | Исход: ✅\n"
			]
		},
		"11": {
			"log": []
		},
		"13": {
			"log": [
				"[12:24:12 | 23:10:2018 | казино] Ставка: 10009$ | Исход: ✅\n",
				"[12:24:20 | 23:10:2018 | казино] Ставка: 90000$ | Исход: ✅\n",
				"[13:35:31 | 23:10:2018 | акция] Ставка: 5000$ | Исход: ✅\n",
				"[14:23:43 | 23:10:2018 | акция] Ставка: 10000$ | Исход: ✅\n",
				"[14:24:01 | 23:10:2018 | акция] Ставка: 10000$ | Исход: ❌\n",
				"[14:24:11 | 23:10:2018 | акция] Ставка: 10000$ | Исход: ❌\n",
				"[14:24:19 | 23:10:2018 | акция] Ставка: 20000$ | Исход: ✅\n",
				"[14:24:31 | 23:10:2018 | акция] Ставка: 90000$ | Исход: ❌\n",
				"[14:24:38 | 23:10:2018 | акция] Ставка: 100000$ | Исход: ❌\n",
				"[14:24:56 | 23:10:2018 | акция] Ставка: 200000$ | Исход: ✅\n"
			]
		},
		"17": {
			"log": [
				"[12:24:26 | 23:10:2018 | казино] Ставка: 10001$ | Исход: ✅\n",
				"[12:24:29 | 23:10:2018 | казино] Ставка: 10001$ | Исход: ✅\n",
				"[12:24:34 | 23:10:2018 | казино] Ставка: 10001$ | Исход: ❌\n",
				"[12:24:36 | 23:10:2018 | казино] Ставка: 10001$ | Исход: ❌\n",
				"[12:24:37 | 23:10:2018 | казино] Ставка: 10001$ | Исход: ❌\n",
				"[12:24:39 | 23:10:2018 | казино] Ставка: 10001$ | Исход: ✅\n",
				"[12:24:41 | 23:10:2018 | казино] Ставка: 10001$ | Исход: ✅\n",
				"[12:24:43 | 23:10:2018 | казино] Ставка: 10001$ | Исход: ❌\n",
				"[12:24:45 | 23:10:2018 | казино] Ставка: 10001$ | Исход: ❌\n"
			]
		},
		"18": {
			"log": [
				"[12:23:05 | 23:10:2018 | ставка] Ставка: 10000$ | Исход: ❌\n",
				"[12:23:08 | 23:10:2018 | ставка] Ставка: 10000$ | Исход: ❌\n",
				"[12:23:11 | 23:10:2018 | ставка] Ставка: 10000$ | Исход: ✅\n",
				"[12:23:17 | 23:10:2018 | ставка] Ставка: 30000$ | Исход: ❌\n",
				"[12:23:19 | 23:10:2018 | ставка] Ставка: 10000$ | Исход: ❌\n",
				"[12:23:24 | 23:10:2018 | ставка] Ставка: 10000$ | Исход: ✅\n",
				"[12:23:28 | 23:10:2018 | ставка] Ставка: 10000$ | Исход: ✅\n",
				"[12:23:28 | 23:10:2018 | ставка] Ставка: 10000$ | Исход: ❌\n",
				"[12:23:32 | 23:10:2018 | ставка] Ставка: 70000$ | Исход: ❌\n",
				"[12:23:34 | 23:10:2018 | ставка] Ставка: 10000$ | Исход: ✅\n",
				"[12:23:38 | 23:10:2018 | ставка] Ставка: 10000$ | Исход: ✅\n",
				"[12:23:41 | 23:10:2018 | ставка] Ставка: 10000$ | Исход: ✅\n"
			]
		},
		"19": {
			"log": [
				"[12:34:38 | 23:10:2018 | акция] Ставка: 50000$ | Исход: ❌\n",
				"[12:34:58 | 23:10:2018 | акция] Ставка: 25000$ | Исход: ❌\n",
				"[12:35:06 | 23:10:2018 | акция] Ставка: 25000$ | Исход: ❌\n"
			]
		},
		"21": {
			"log": [
				"[12:27:58 | 23:10:2018 | казино] Ставка: 300000$ | Исход: ✅\n",
				"[12:28:04 | 23:10:2018 | казино] Ставка: 300000$ | Исход: ❌\n",
				"[02:18:36 | 26:10:2018 | казино] Ставка: 500000$ | Исход: ❌\n",
				"[02:18:38 | 26:10:2018 | казино] Ставка: 500000$ | Исход: ❌\n",
				"[02:18:39 | 26:10:2018 | казино] Ставка: 500000$ | Исход: ❌\n",
				"[02:18:41 | 26:10:2018 | казино] Ставка: 500000$ | Исход: ❌\n",
				"[02:18:42 | 26:10:2018 | казино] Ставка: 500000$ | Исход: ❌\n",
				"[02:18:43 | 26:10:2018 | казино] Ставка: 500000$ | Исход: ❌\n",
				"[02:18:45 | 26:10:2018 | казино] Ставка: 500000$ | Исход: ❌\n",
				"[02:18:46 | 26:10:2018 | казино] Ставка: 500000$ | Исход: ❌\n",
				"[02:18:48 | 26:10:2018 | казино] Ставка: 500000$ | Исход: ❌\n",
				"[02:18:49 | 26:10:2018 | казино] Ставка: 500000$ | Исход: ✅\n",
				"[02:18:52 | 26:10:2018 | казино] Ставка: 500000$ | Исход: ❌\n",
				"[02:18:53 | 26:10:2018 | казино] Ставка: 500000$ | Исход: ❌\n"
			]
		},
		"25": {
			"log": [
				"[21:41:36 | 25:10:2018 | акция] Ставка: 500000$ | Исход: ❌\n",
				"[21:41:37 | 25:10:2018 | акция] Ставка: 500000$ | Исход: ❌\n",
				"[21:41:39 | 25:10:2018 | акция] Ставка: 500000$ | Исход: ❌\n",
				"[21:41:40 | 25:10:2018 | акция] Ставка: 500000$ | Исход: ❌\n",
				"[08:37:51 | 26:10:2018 | акция] Ставка: 100000$ | Исход: ✅\n",
				"[08:37:54 | 26:10:2018 | акция] Ставка: 100000$ | Исход: ✅\n",
				"[08:37:57 | 26:10:2018 | акция] Ставка: 100000$ | Исход: ✅\n",
				"[08:37:58 | 26:10:2018 | акция] Ставка: 100000$ | Исход: ❌\n",
				"[08:38:00 | 26:10:2018 | акция] Ставка: 100000$ | Исход: ✅\n",
				"[08:38:02 | 26:10:2018 | акция] Ставка: 100000$ | Исход: ✅\n",
				"[08:38:04 | 26:10:2018 | акция] Ставка: 100000$ | Исход: ❌\n",
				"[08:38:06 | 26:10:2018 | акция] Ставка: 100000$ | Исход: ❌\n",
				"[08:38:08 | 26:10:2018 | акция] Ставка: 100000$ | Исход: ✅\n",
				"[08:38:16 | 26:10:2018 | акция] Ставка: 500000$ | Исход: ❌\n"
			]
		},
		"31": {
			"log": [
				"[21:44:11 | 28:10:2018 | казино] Ставка: 500000$ | Исход: ❌\n",
				"[10:13:29 | 29:10:2018 | казино] Ставка: 500000$ | Исход: ✅\n"
			]
		},
		"33": {
			"log": [
				"[12:35:42 | 23:10:2018 | казино] Ставка: 100000$ | Исход: ❌\n",
				"[12:36:12 | 23:10:2018 | ставка] Ставка: 8000$ | Исход: ❌\n"
			]
		},
		"34": {
			"log": [
				"[13:40:34 | 23:10:2018 | казино] Ставка: 12000$ | Исход: ❌\n",
				"[13:40:35 | 23:10:2018 | казино] Ставка: 12000$ | Исход: ❌\n",
				"[13:40:36 | 23:10:2018 | казино] Ставка: 12000$ | Исход: ❌\n",
				"[17:45:02 | 23:10:2018 | казино] Ставка: 40000$ | Исход: ✅\n",
				"[17:45:03 | 23:10:2018 | казино] Ставка: 40000$ | Исход: ❌\n",
				"[17:45:04 | 23:10:2018 | казино] Ставка: 40000$ | Исход: ❌\n",
				"[17:45:05 | 23:10:2018 | казино] Ставка: 40000$ | Исход: ❌\n",
				"[17:45:06 | 23:10:2018 | казино] Ставка: 40000$ | Исход: ❌\n",
				"[17:45:07 | 23:10:2018 | казино] Ставка: 40000$ | Исход: ✅\n",
				"[17:45:08 | 23:10:2018 | казино] Ставка: 40000$ | Исход: ✅\n",
				"[17:45:10 | 23:10:2018 | казино] Ставка: 40000$ | Исход: ❌\n",
				"[17:45:11 | 23:10:2018 | казино] Ставка: 40000$ | Исход: ✅\n",
				"[17:45:12 | 23:10:2018 | казино] Ставка: 40000$ | Исход: ❌\n",
				"[17:45:14 | 23:10:2018 | казино] Ставка: 40000$ | Исход: ❌\n"
			]
		},
		"39": {
			"log": [
				"[12:45:09 | 23:10:2018 | казино] Ставка: 5000$ | Исход: ❌\n"
			]
		},
		"40": {
			"log": [
				"[13:51:00 | 25:10:2018 | акция] Ставка: 40000$ | Исход: ✅\n",
				"[13:51:04 | 25:10:2018 | акция] Ставка: 50000$ | Исход: ❌\n",
				"[13:51:08 | 25:10:2018 | акция] Ставка: 10000$ | Исход: ❌\n",
				"[13:51:13 | 25:10:2018 | акция] Ставка: 22000$ | Исход: ❌\n",
				"[13:51:17 | 25:10:2018 | акция] Ставка: 44000$ | Исход: ❌\n",
				"[13:51:25 | 25:10:2018 | акция] Ставка: 500000$ | Исход: ✅\n",
				"[13:53:12 | 25:10:2018 | акция] Ставка: 111000$ | Исход: ❌\n",
				"[13:53:16 | 25:10:2018 | акция] Ставка: 111000$ | Исход: ❌\n",
				"[13:53:20 | 25:10:2018 | акция] Ставка: 222000$ | Исход: ❌\n",
				"[13:53:27 | 25:10:2018 | акция] Ставка: 500000$ | Исход: ✅\n",
				"[13:53:33 | 25:10:2018 | акция] Ставка: 111000$ | Исход: ❌\n",
				"[13:53:43 | 25:10:2018 | акция] Ставка: 111000$ | Исход: ❌\n",
				"[13:53:48 | 25:10:2018 | акция] Ставка: 322000$ | Исход: ✅\n",
				"[13:53:56 | 25:10:2018 | акция] Ставка: 228000$ | Исход: ❌\n"
			]
		},
		"41": {
			"log": [
				"[13:46:46 | 23:10:2018 | казино] Ставка: 500000$ | Исход: ❌\n",
				"[13:46:54 | 23:10:2018 | казино] Ставка: 500000$ | Исход: ❌\n",
				"[13:47:03 | 23:10:2018 | казино] Ставка: 500000$ | Исход: ❌\n",
				"[13:48:46 | 23:10:2018 | казино] Ставка: 500000$ | Исход: ❌\n",
				"[13:48:57 | 23:10:2018 | казино] Ставка: 500000$ | Исход: ✅\n",
				"[13:49:07 | 23:10:2018 | казино] Ставка: 500000$ | Исход: ❌\n",
				"[13:57:43 | 23:10:2018 | казино] Ставка: 500000$ | Исход: ❌\n",
				"[19:33:07 | 23:10:2018 | казино] Ставка: 10000$ | Исход: ✅\n",
				"[19:34:24 | 23:10:2018 | казино] Ставка: 10000$ | Исход: ❌\n",
				"[19:34:29 | 23:10:2018 | казино] Ставка: 100000$ | Исход: ❌\n",
				"[19:36:54 | 23:10:2018 | казино] Ставка: 152972$ | Исход: ❌\n",
				"[21:15:05 | 24:10:2018 | казино] Ставка: 50000$ | Исход: ❌\n",
				"[21:15:15 | 24:10:2018 | казино] Ставка: 50000$ | Исход: ❌\n",
				"[18:01:37 | 25:10:2018 | казино] Ставка: 10000$ | Исход: ❌\n"
			]
		},
		"42": {
			"log": [
				"[12:58:17 | 23:10:2018 | казино] Ставка: 2000$ | Исход: ❌\n",
				"[12:58:27 | 23:10:2018 | казино] Ставка: 1000$ | Исход: ❌\n",
				"[12:58:38 | 23:10:2018 | казино] Ставка: 1000$ | Исход: ❌\n",
				"[16:26:29 | 23:10:2018 | казино] Ставка: 1000$ | Исход: ❌\n",
				"[16:32:06 | 23:10:2018 | казино] Ставка: 10000$ | Исход: ❌\n",
				"[16:32:15 | 23:10:2018 | казино] Ставка: 10000$ | Исход: ❌\n",
				"[16:32:20 | 23:10:2018 | казино] Ставка: 10000$ | Исход: ❌\n"
			]
		},
		"44": {
			"log": [
				"[13:27:43 | 23:10:2018 | ставка] Ставка: 100$ | Исход: ❌\n",
				"[13:27:55 | 23:10:2018 | ставка] Ставка: 10$ | Исход: ❌\n",
				"[13:28:19 | 23:10:2018 | ставка] Ставка: 103$ | Исход: ✅\n",
				"[13:28:31 | 23:10:2018 | ставка] Ставка: 10$ | Исход: ✅\n",
				"[13:28:37 | 23:10:2018 | ставка] Ставка: 10$ | Исход: ❌\n",
				"[13:28:44 | 23:10:2018 | ставка] Ставка: 10$ | Исход: ✅\n",
				"[13:32:01 | 23:10:2018 | ставка] Ставка: 700$ | Исход: ❌\n",
				"[13:32:14 | 23:10:2018 | ставка] Ставка: 1560$ | Исход: ✅\n",
				"[13:33:51 | 23:10:2018 | ставка] Ставка: 25900$ | Исход: ✅\n",
				"[13:40:49 | 23:10:2018 | ставка] Ставка: 10$ | Исход: ✅\n",
				"[13:41:06 | 23:10:2018 | ставка] Ставка: 60000$ | Исход: ✅\n",
				"[13:41:53 | 23:10:2018 | ставка] Ставка: 99999$ | Исход: ✅\n",
				"[13:42:44 | 23:10:2018 | ставка] Ставка: 99999$ | Исход: ✅\n",
				"[13:43:05 | 23:10:2018 | ставка] Ставка: 99999$ | Исход: ❌\n"
			]
		},
		"45": {
			"log": [
				"[18:39:46 | 23:10:2018 | казино] Ставка: 100000$ | Исход: ❌\n",
				"[18:40:06 | 23:10:2018 | казино] Ставка: 200000$ | Исход: ❌\n",
				"[18:40:46 | 23:10:2018 | казино] Ставка: 316000$ | Исход: ❌\n",
				"[05:40:04 | 27:10:2018 | казино] Ставка: 100000$ | Исход: ❌\n",
				"[05:42:08 | 27:10:2018 | акция] Ставка: 100000$ | Исход: ❌\n",
				"[05:43:47 | 27:10:2018 | акция] Ставка: 235717$ | Исход: ❌\n",
				"[17:57:36 | 29:10:2018 | казино] Ставка: 1$ | Исход: ❌\n",
				"[17:57:57 | 29:10:2018 | казино] Ставка: 1$ | Исход: ❌\n",
				"[17:58:02 | 29:10:2018 | казино] Ставка: 1$ | Исход: ❌\n",
				"[17:58:07 | 29:10:2018 | казино] Ставка: 1$ | Исход: ❌\n",
				"[17:59:33 | 29:10:2018 | казино] Ставка: 1$ | Исход: ❌\n",
				"[17:59:50 | 29:10:2018 | акция] Ставка: 10000$ | Исход: ✅\n",
				"[18:00:20 | 29:10:2018 | акция] Ставка: 11000$ | Исход: ✅\n",
				"[18:28:30 | 29:10:2018 | ставка] Ставка: 11000$ | Исход: ✅\n"
			]
		},
		"50": {
			"log": [
				"[13:46:48 | 23:10:2018 | казино] Ставка: 1000$ | Исход: ❌\n",
				"[13:46:56 | 23:10:2018 | казино] Ставка: 1000$ | Исход: ❌\n",
				"[13:47:05 | 23:10:2018 | казино] Ставка: 1000$ | Исход: ❌\n",
				"[13:47:14 | 23:10:2018 | казино] Ставка: 1000$ | Исход: ❌\n"
			]
		},
		"62": {
			"log": [
				"[23:35:58 | 30:10:2018 | ставка] Ставка: 10000$ | Исход: ❌\n",
				"[23:36:17 | 30:10:2018 | ставка] Ставка: 10000$ | Исход: ❌\n",
				"[23:36:30 | 30:10:2018 | ставка] Ставка: 10000$ | Исход: ✅\n",
				"[23:36:45 | 30:10:2018 | ставка] Ставка: 10000$ | Исход: ✅\n",
				"[23:36:47 | 30:10:2018 | ставка] Ставка: 10000$ | Исход: ✅\n",
				"[23:37:28 | 30:10:2018 | ставка] Ставка: 500000$ | Исход: ✅\n",
				"[23:37:30 | 30:10:2018 | ставка] Ставка: 500000$ | Исход: ❌\n",
				"[23:37:35 | 30:10:2018 | ставка] Ставка: 500000$ | Исход: ❌\n",
				"[23:37:41 | 30:10:2018 | ставка] Ставка: 500000$ | Исход: ✅\n"
			]
		},
		"65": {
			"log": [
				"[14:19:40 | 23:10:2018 | казино] Ставка: 10000$ | Исход: ❌\n",
				"[14:19:45 | 23:10:2018 | казино] Ставка: 10000$ | Исход: ✅\n",
				"[14:19:46 | 23:10:2018 | казино] Ставка: 10000$ | Исход: ❌\n",
				"[14:19:48 | 23:10:2018 | казино] Ставка: 10000$ | Исход: ❌\n",
				"[14:19:49 | 23:10:2018 | казино] Ставка: 10000$ | Исход: ✅\n",
				"[14:19:50 | 23:10:2018 | казино] Ставка: 10000$ | Исход: ❌\n",
				"[14:19:52 | 23:10:2018 | казино] Ставка: 10000$ | Исход: ✅\n",
				"[14:19:53 | 23:10:2018 | казино] Ставка: 10000$ | Исход: ❌\n",
				"[14:19:54 | 23:10:2018 | казино] Ставка: 10000$ | Исход: ❌\n",
				"[14:19:55 | 23:10:2018 | казино] Ставка: 10000$ | Исход: ❌\n",
				"[14:19:56 | 23:10:2018 | казино] Ставка: 10000$ | Исход: ❌\n",
				"[14:20:01 | 23:10:2018 | казино] Ставка: 40000$ | Исход: ❌\n",
				"[14:20:04 | 23:10:2018 | казино] Ставка: 10000$ | Исход: ❌\n",
				"[14:20:06 | 23:10:2018 | казино] Ставка: 10000$ | Исход: ❌\n"
			]
		},
		"69": {
			"log": [
				"[16:01:14 | 23:10:2018 | казино] Ставка: 100$ | Исход: ❌\n"
			]
		},
		"70": {
			"log": [
				"[14:50:02 | 23:10:2018 | акция] Ставка: 20000$ | Исход: ✅\n"
			]
		},
		"71": {
			"log": [
				"[16:44:29 | 23:10:2018 | казино] Ставка: 1000$ | Исход: ❌\n",
				"[16:44:40 | 23:10:2018 | казино] Ставка: 1000$ | Исход: ❌\n",
				"[16:44:51 | 23:10:2018 | казино] Ставка: 1000$ | Исход: ❌\n",
				"[16:44:57 | 23:10:2018 | казино] Ставка: 1000$ | Исход: ❌\n",
				"[16:45:04 | 23:10:2018 | казино] Ставка: 1000$ | Исход: ❌\n",
				"[16:45:13 | 23:10:2018 | казино] Ставка: 1000$ | Исход: ❌\n"
			]
		},
		"74": {
			"log": [
				"[17:23:32 | 23:10:2018 | казино] Ставка: 40000$ | Исход: ❌\n",
				"[17:23:32 | 23:10:2018 | казино] Ставка: 40000$ | Исход: ✅\n",
				"[17:23:35 | 23:10:2018 | казино] Ставка: 40000$ | Исход: ✅\n",
				"[17:23:35 | 23:10:2018 | казино] Ставка: 40000$ | Исход: ❌\n",
				"[17:23:38 | 23:10:2018 | казино] Ставка: 40000$ | Исход: ❌\n",
				"[17:23:40 | 23:10:2018 | казино] Ставка: 40000$ | Исход: ✅\n",
				"[17:23:41 | 23:10:2018 | казино] Ставка: 40000$ | Исход: ❌\n",
				"[17:23:45 | 23:10:2018 | казино] Ставка: 40000$ | Исход: ❌\n",
				"[17:23:46 | 23:10:2018 | казино] Ставка: 40000$ | Исход: ❌\n",
				"[17:23:49 | 23:10:2018 | казино] Ставка: 100000$ | Исход: ❌\n",
				"[17:23:56 | 23:10:2018 | казино] Ставка: 500000$ | Исход: ❌\n",
				"[17:24:06 | 23:10:2018 | казино] Ставка: 500000$ | Исход: ❌\n",
				"[17:24:11 | 23:10:2018 | казино] Ставка: 500000$ | Исход: ❌\n",
				"[17:24:15 | 23:10:2018 | казино] Ставка: 500000$ | Исход: ✅\n"
			]
		},
		"77": {
			"log": [
				"[22:49:06 | 25:10:2018 | казино] Ставка: 1$ | Исход: ❌\n",
				"[22:49:08 | 25:10:2018 | казино] Ставка: 1$ | Исход: ❌\n",
				"[22:49:10 | 25:10:2018 | казино] Ставка: 1$ | Исход: ❌\n",
				"[22:49:11 | 25:10:2018 | казино] Ставка: 1$ | Исход: ❌\n",
				"[22:49:13 | 25:10:2018 | казино] Ставка: 1$ | Исход: ❌\n",
				"[22:49:15 | 25:10:2018 | казино] Ставка: 1$ | Исход: ❌\n",
				"[22:49:20 | 25:10:2018 | казино] Ставка: 1$ | Исход: ❌\n",
				"[22:49:23 | 25:10:2018 | казино] Ставка: 1$ | Исход: ❌\n",
				"[22:49:25 | 25:10:2018 | казино] Ставка: 1$ | Исход: ❌\n",
				"[22:49:27 | 25:10:2018 | казино] Ставка: 1$ | Исход: ❌\n",
				"[22:49:32 | 25:10:2018 | казино] Ставка: 1$ | Исход: ❌\n",
				"[22:49:38 | 25:10:2018 | казино] Ставка: 1$ | Исход: ❌\n",
				"[22:50:03 | 25:10:2018 | казино] Ставка: 70000$ | Исход: ❌\n",
				"[08:43:25 | 30:10:2018 | акция] Ставка: 1$ | Исход: ❌\n"
			]
		},
		"79": {
			"log": [
				"[18:02:22 | 23:10:2018 | казино] Ставка: 5000$ | Исход: ❌\n",
				"[19:35:29 | 23:10:2018 | казино] Ставка: 10000$ | Исход: ❌\n",
				"[19:35:33 | 23:10:2018 | казино] Ставка: 50000$ | Исход: ❌\n",
				"[19:35:37 | 23:10:2018 | казино] Ставка: 50000$ | Исход: ❌\n",
				"[19:35:57 | 23:10:2018 | казино] Ставка: 48272$ | Исход: ❌\n",
				"[20:25:14 | 23:10:2018 | казино] Ставка: 50000$ | Исход: ❌\n",
				"[21:08:26 | 23:10:2018 | казино] Ставка: 50000$ | Исход: ❌\n",
				"[20:09:36 | 24:10:2018 | казино] Ставка: 1766$ | Исход: ❌\n",
				"[20:10:22 | 24:10:2018 | казино] Ставка: 100000$ | Исход: ❌\n",
				"[20:10:55 | 24:10:2018 | казино] Ставка: 100000$ | Исход: ✅\n",
				"[20:12:38 | 24:10:2018 | казино] Ставка: 10000$ | Исход: ✅\n",
				"[20:12:40 | 24:10:2018 | казино] Ставка: 10000$ | Исход: ❌\n",
				"[21:46:28 | 24:10:2018 | казино] Ставка: 432936$ | Исход: ❌\n"
			]
		},
		"84": {
			"log": [
				"[15:41:16 | 23:10:2018 | акция] Ставка: 20000$ | Исход: ❌\n",
				"[15:41:17 | 23:10:2018 | акция] Ставка: 20000$ | Исход: ❌\n",
				"[15:41:19 | 23:10:2018 | акция] Ставка: 20000$ | Исход: ✅\n",
				"[15:41:25 | 23:10:2018 | акция] Ставка: 20000$ | Исход: ✅\n",
				"[15:41:26 | 23:10:2018 | акция] Ставка: 20000$ | Исход: ✅\n",
				"[15:41:34 | 23:10:2018 | акция] Ставка: 20000$ | Исход: ❌\n",
				"[15:41:36 | 23:10:2018 | акция] Ставка: 20000$ | Исход: ❌\n",
				"[15:41:38 | 23:10:2018 | акция] Ставка: 20000$ | Исход: ❌\n",
				"[15:41:40 | 23:10:2018 | акция] Ставка: 20000$ | Исход: ❌\n",
				"[15:42:59 | 23:10:2018 | акция] Ставка: 70000$ | Исход: ❌\n",
				"[15:43:01 | 23:10:2018 | акция] Ставка: 70000$ | Исход: ❌\n",
				"[15:43:02 | 23:10:2018 | акция] Ставка: 70000$ | Исход: ❌\n",
				"[15:43:04 | 23:10:2018 | акция] Ставка: 70000$ | Исход: ❌\n",
				"[15:43:07 | 23:10:2018 | акция] Ставка: 70000$ | Исход: ❌\n"
			]
		},
		"89": {
			"log": [
				"[15:50:58 | 23:10:2018 | акция] Ставка: 50$ | Исход: ❌\n",
				"[15:51:09 | 23:10:2018 | акция] Ставка: 1000$ | Исход: ❌\n",
				"[15:51:18 | 23:10:2018 | акция] Ставка: 2000$ | Исход: ❌\n",
				"[15:51:26 | 23:10:2018 | акция] Ставка: 4000$ | Исход: ❌\n",
				"[15:51:36 | 23:10:2018 | акция] Ставка: 4000$ | Исход: ✅\n"
			]
		},
		"90": {
			"log": [
				"[15:54:07 | 23:10:2018 | акция] Ставка: 50$ | Исход: ❌\n",
				"[15:54:11 | 23:10:2018 | акция] Ставка: 15000$ | Исход: ✅\n",
				"[15:54:19 | 23:10:2018 | акция] Ставка: 15000$ | Исход: ❌\n",
				"[15:54:20 | 23:10:2018 | акция] Ставка: 15000$ | Исход: ❌\n",
				"[15:54:21 | 23:10:2018 | акция] Ставка: 15000$ | Исход: ✅\n",
				"[15:54:22 | 23:10:2018 | акция] Ставка: 15000$ | Исход: ❌\n",
				"[15:54:25 | 23:10:2018 | акция] Ставка: 15000$ | Исход: ✅\n",
				"[15:54:25 | 23:10:2018 | акция] Ставка: 15000$ | Исход: ✅\n",
				"[15:54:26 | 23:10:2018 | акция] Ставка: 15000$ | Исход: ❌\n",
				"[15:54:27 | 23:10:2018 | акция] Ставка: 15000$ | Исход: ❌\n",
				"[15:54:27 | 23:10:2018 | акция] Ставка: 15000$ | Исход: ❌\n",
				"[15:54:28 | 23:10:2018 | акция] Ставка: 15000$ | Исход: ✅\n",
				"[15:54:42 | 23:10:2018 | акция] Ставка: 15000$ | Исход: ❌\n",
				"[15:54:42 | 23:10:2018 | акция] Ставка: 15000$ | Исход: ❌\n"
			]
		},
		"92": {
			"log": [
				"[21:44:05 | 25:10:2018 | казино] Ставка: 1000$ | Исход: ❌\n"
			]
		},
		"97": {
			"log": [
				"[16:48:16 | 23:10:2018 | ставка] Ставка: 5000$ | Исход: ✅\n",
				"[16:48:41 | 23:10:2018 | ставка] Ставка: 10000$ | Исход: ❌\n"
			]
		},
		"113": {
			"log": [
				"[18:52:20 | 23:10:2018 | казино] Ставка: 5000$ | Исход: ❌\n"
			]
		},
		"117": {
			"log": [
				"[07:30:53 | 26:10:2018 | казино] Ставка: 10000$ | Исход: ❌\n",
				"[07:31:00 | 26:10:2018 | казино] Ставка: 10000$ | Исход: ❌\n",
				"[07:31:02 | 26:10:2018 | казино] Ставка: 10000$ | Исход: ✅\n",
				"[07:31:04 | 26:10:2018 | казино] Ставка: 10000$ | Исход: ❌\n",
				"[07:31:05 | 26:10:2018 | казино] Ставка: 10000$ | Исход: ❌\n",
				"[07:31:07 | 26:10:2018 | казино] Ставка: 10000$ | Исход: ❌\n",
				"[07:31:17 | 26:10:2018 | казино] Ставка: 500$ | Исход: ❌\n"
			]
		},
		"118": {
			"log": [
				"[06:26:54 | 30:10:2018 | казино] Ставка: 10000$ | Исход: ❌\n",
				"[06:27:02 | 30:10:2018 | казино] Ставка: 10000$ | Исход: ❌\n",
				"[06:27:12 | 30:10:2018 | казино] Ставка: 10000$ | Исход: ❌\n",
				"[06:27:20 | 30:10:2018 | казино] Ставка: 10000$ | Исход: ✅\n",
				"[11:23:24 | 30:10:2018 | казино] Ставка: 10000$ | Исход: ❌\n",
				"[11:23:33 | 30:10:2018 | казино] Ставка: 10000$ | Исход: ❌\n",
				"[11:23:44 | 30:10:2018 | казино] Ставка: 10000$ | Исход: ❌\n",
				"[11:23:52 | 30:10:2018 | казино] Ставка: 10000$ | Исход: ✅\n",
				"[12:09:00 | 30:10:2018 | казино] Ставка: 10000$ | Исход: ❌\n",
				"[12:09:09 | 30:10:2018 | казино] Ставка: 10000$ | Исход: ❌\n",
				"[12:09:20 | 30:10:2018 | казино] Ставка: 10000$ | Исход: ❌\n",
				"[12:09:29 | 30:10:2018 | казино] Ставка: 10000$ | Исход: ✅\n",
				"[00:26:37 | 31:10:2018 | казино] Ставка: 10000$ | Исход: ✅\n",
				"[05:02:50 | 31:10:2018 | казино] Ставка: 10000$ | Исход: ✅\n"
			]
		},
		"121": {
			"log": [
				"[15:47:43 | 28:10:2018 | казино] Ставка: 20000$ | Исход: ❌\n",
				"[15:47:51 | 28:10:2018 | казино] Ставка: 30000$ | Исход: ❌\n",
				"[15:47:59 | 28:10:2018 | казино] Ставка: 40000$ | Исход: ✅\n",
				"[22:20:25 | 28:10:2018 | казино] Ставка: 10000$ | Исход: ❌\n",
				"[22:20:34 | 28:10:2018 | казино] Ставка: 20000$ | Исход: ❌\n",
				"[22:20:43 | 28:10:2018 | казино] Ставка: 30000$ | Исход: ❌\n",
				"[22:20:52 | 28:10:2018 | казино] Ставка: 40000$ | Исход: ❌\n",
				"[22:21:07 | 28:10:2018 | казино] Ставка: 50000$ | Исход: ❌\n",
				"[22:21:20 | 28:10:2018 | казино] Ставка: 60000$ | Исход: ❌\n",
				"[22:21:33 | 28:10:2018 | казино] Ставка: 70009$ | Исход: ❌\n",
				"[22:21:54 | 28:10:2018 | казино] Ставка: 50000$ | Исход: ❌\n",
				"[22:23:08 | 28:10:2018 | казино] Ставка: 1$ | Исход: ❌\n",
				"[15:20:06 | 30:10:2018 | казино] Ставка: 10000$ | Исход: ❌\n",
				"[15:20:16 | 30:10:2018 | казино] Ставка: 10000$ | Исход: ✅\n"
			]
		},
		"123": {
			"log": [
				"[15:30:00 | 30:10:2018 | казино] Ставка: 10000$ | Исход: ✅\n",
				"[15:30:23 | 30:10:2018 | казино] Ставка: 10000$ | Исход: ✅\n",
				"[15:30:53 | 30:10:2018 | казино] Ставка: 10000$ | Исход: ❌\n",
				"[15:31:04 | 30:10:2018 | казино] Ставка: 10000$ | Исход: ❌\n",
				"[15:31:13 | 30:10:2018 | казино] Ставка: 10000$ | Исход: ❌\n",
				"[15:31:22 | 30:10:2018 | казино] Ставка: 10000$ | Исход: ❌\n",
				"[15:31:45 | 30:10:2018 | казино] Ставка: 10000$ | Исход: ❌\n",
				"[15:31:55 | 30:10:2018 | казино] Ставка: 10000$ | Исход: ❌\n",
				"[15:32:05 | 30:10:2018 | казино] Ставка: 10000$ | Исход: ❌\n",
				"[15:34:06 | 30:10:2018 | казино] Ставка: 10000$ | Исход: ❌\n",
				"[15:34:15 | 30:10:2018 | казино] Ставка: 10000$ | Исход: ❌\n",
				"[15:34:25 | 30:10:2018 | казино] Ставка: 10000$ | Исход: ✅\n",
				"[15:34:36 | 30:10:2018 | казино] Ставка: 10000$ | Исход: ❌\n",
				"[15:34:45 | 30:10:2018 | казино] Ставка: 10000$ | Исход: ✅\n"
			]
		},
		"124": {
			"log": [
				"[19:20:23 | 25:10:2018 | казино] Ставка: 30000$ | Исход: ✅\n",
				"[20:31:22 | 26:10:2018 | казино] Ставка: 10000$ | Исход: ❌\n",
				"[12:49:59 | 27:10:2018 | казино] Ставка: 10000$ | Исход: ✅\n",
				"[12:51:53 | 27:10:2018 | казино] Ставка: 1$ | Исход: ❌\n",
				"[12:52:03 | 27:10:2018 | казино] Ставка: 1$ | Исход: ❌\n",
				"[12:52:10 | 27:10:2018 | казино] Ставка: 1$ | Исход: ❌\n",
				"[12:52:26 | 27:10:2018 | казино] Ставка: 1$ | Исход: ❌\n",
				"[12:52:43 | 27:10:2018 | казино] Ставка: 1$ | Исход: ❌\n",
				"[12:53:02 | 27:10:2018 | казино] Ставка: 1$ | Исход: ❌\n",
				"[12:53:11 | 27:10:2018 | казино] Ставка: 1000$ | Исход: ❌\n",
				"[12:53:20 | 27:10:2018 | казино] Ставка: 10000$ | Исход: ❌\n",
				"[12:53:31 | 27:10:2018 | казино] Ставка: 20000$ | Исход: ❌\n",
				"[12:54:02 | 27:10:2018 | казино] Ставка: 10000$ | Исход: ❌\n",
				"[15:50:55 | 30:10:2018 | казино] Ставка: 10000$ | Исход: ❌\n"
			]
		},
		"125": {
			"log": [
				"[06:16:40 | 30:10:2018 | казино] Ставка: 10000$ | Исход: ✅\n",
				"[09:55:29 | 30:10:2018 | казино] Ставка: 10000$ | Исход: ✅\n",
				"[14:35:08 | 30:10:2018 | казино] Ставка: 10000$ | Исход: ✅\n",
				"[14:35:42 | 30:10:2018 | казино] Ставка: 10000$ | Исход: ❌\n",
				"[14:35:51 | 30:10:2018 | казино] Ставка: 10000$ | Исход: ✅\n",
				"[14:35:59 | 30:10:2018 | казино] Ставка: 1$ | Исход: ❌\n",
				"[14:36:06 | 30:10:2018 | казино] Ставка: 1$ | Исход: ❌\n",
				"[14:36:15 | 30:10:2018 | казино] Ставка: 10000$ | Исход: ✅\n",
				"[05:59:00 | 31:10:2018 | казино] Ставка: 10000$ | Исход: ❌\n",
				"[06:00:05 | 31:10:2018 | казино] Ставка: 10000$ | Исход: ❌\n",
				"[06:00:14 | 31:10:2018 | казино] Ставка: 10000$ | Исход: ❌\n",
				"[06:00:22 | 31:10:2018 | казино] Ставка: 10000$ | Исход: ❌\n",
				"[06:00:31 | 31:10:2018 | казино] Ставка: 10000$ | Исход: ❌\n",
				"[06:36:23 | 31:10:2018 | казино] Ставка: 10000$ | Исход: ❌\n"
			]
		},
		"130": {
			"log": [
				"[17:04:09 | 25:10:2018 | акция] Ставка: 50000$ | Исход: ❌\n",
				"[16:59:44 | 30:10:2018 | казино] Ставка: 500000$ | Исход: ✅\n",
				"[16:59:49 | 30:10:2018 | казино] Ставка: 500000$ | Исход: ✅\n",
				"[16:59:51 | 30:10:2018 | казино] Ставка: 500000$ | Исход: ❌\n",
				"[16:59:53 | 30:10:2018 | казино] Ставка: 500000$ | Исход: ✅\n",
				"[16:59:56 | 30:10:2018 | казино] Ставка: 500000$ | Исход: ✅\n",
				"[16:59:57 | 30:10:2018 | казино] Ставка: 500000$ | Исход: ❌\n",
				"[17:00:00 | 30:10:2018 | казино] Ставка: 500000$ | Исход: ✅\n",
				"[17:00:01 | 30:10:2018 | казино] Ставка: 500000$ | Исход: ❌\n",
				"[17:00:06 | 30:10:2018 | казино] Ставка: 500000$ | Исход: ❌\n",
				"[17:00:08 | 30:10:2018 | казино] Ставка: 500000$ | Исход: ❌\n",
				"[17:00:10 | 30:10:2018 | казино] Ставка: 500000$ | Исход: ❌\n",
				"[17:00:13 | 30:10:2018 | казино] Ставка: 500000$ | Исход: ❌\n",
				"[17:00:15 | 30:10:2018 | казино] Ставка: 500000$ | Исход: ❌\n"
			]
		},
		"132": {
			"log": [
				"[08:14:44 | 25:10:2018 | ставка] Ставка: 10000$ | Исход: ❌\n",
				"[08:15:23 | 25:10:2018 | казино] Ставка: 10000$ | Исход: ✅\n"
			]
		},
		"143": {
			"log": [
				"[11:33:09 | 24:10:2018 | казино] Ставка: 107610$ | Исход: ❌\n"
			]
		},
		"150": {
			"log": [
				"[20:37:59 | 26:10:2018 | казино] Ставка: 48528$ | Исход: ✅\n",
				"[20:38:11 | 26:10:2018 | казино] Ставка: 97056$ | Исход: ❌\n",
				"[21:23:23 | 26:10:2018 | казино] Ставка: 500000000$ | Исход: ❌\n",
				"[21:23:33 | 26:10:2018 | казино] Ставка: 1000000000$ | Исход: ❌\n",
				"[21:24:06 | 26:10:2018 | казино] Ставка: 50000$ | Исход: ❌\n",
				"[21:24:13 | 26:10:2018 | казино] Ставка: 50000$ | Исход: ❌\n",
				"[21:24:23 | 26:10:2018 | казино] Ставка: 100000$ | Исход: ✅\n",
				"[21:24:33 | 26:10:2018 | казино] Ставка: 500000000$ | Исход: ❌\n",
				"[21:24:42 | 26:10:2018 | казино] Ставка: 1000000000$ | Исход: ❌\n",
				"[18:02:04 | 29:10:2018 | акция] Ставка: 200000000$ | Исход: ❌\n",
				"[18:02:25 | 29:10:2018 | акция] Ставка: 400000000$ | Исход: ❌\n",
				"[18:02:48 | 29:10:2018 | акция] Ставка: 800000000$ | Исход: ❌\n",
				"[18:03:29 | 29:10:2018 | акция] Ставка: 1600000000$ | Исход: ❌\n",
				"[18:04:18 | 29:10:2018 | казино] Ставка: 10000$ | Исход: ✅\n"
			]
		},
		"154": {
			"log": [
				"[19:20:51 | 24:10:2018 | акция] Ставка: 500000$ | Исход: ❌\n",
				"[19:20:52 | 24:10:2018 | акция] Ставка: 500000$ | Исход: ✅\n",
				"[19:20:53 | 24:10:2018 | акция] Ставка: 500000$ | Исход: ✅\n",
				"[19:20:54 | 24:10:2018 | акция] Ставка: 500000$ | Исход: ❌\n",
				"[19:20:56 | 24:10:2018 | акция] Ставка: 500000$ | Исход: ❌\n",
				"[19:21:09 | 24:10:2018 | акция] Ставка: 500000$ | Исход: ✅\n",
				"[19:21:13 | 24:10:2018 | акция] Ставка: 500000$ | Исход: ✅\n",
				"[19:21:14 | 24:10:2018 | акция] Ставка: 500000$ | Исход: ❌\n",
				"[19:21:15 | 24:10:2018 | акция] Ставка: 500000$ | Исход: ❌\n",
				"[19:21:16 | 24:10:2018 | акция] Ставка: 500000$ | Исход: ✅\n",
				"[19:21:17 | 24:10:2018 | акция] Ставка: 500000$ | Исход: ✅\n",
				"[19:21:18 | 24:10:2018 | акция] Ставка: 500000$ | Исход: ✅\n",
				"[19:21:20 | 24:10:2018 | акция] Ставка: 500000$ | Исход: ❌\n",
				"[19:21:21 | 24:10:2018 | акция] Ставка: 500000$ | Исход: ❌\n"
			]
		},
		"155": {
			"log": [
				"[18:32:31 | 25:10:2018 | акция] Ставка: 500000$ | Исход: ✅\n",
				"[18:32:33 | 25:10:2018 | акция] Ставка: 500000$ | Исход: ❌\n",
				"[18:32:38 | 25:10:2018 | акция] Ставка: 500000$ | Исход: ✅\n",
				"[18:32:41 | 25:10:2018 | акция] Ставка: 500000$ | Исход: ✅\n",
				"[18:37:42 | 25:10:2018 | акция] Ставка: 500000$ | Исход: ❌\n",
				"[18:37:46 | 25:10:2018 | акция] Ставка: 500000$ | Исход: ✅\n",
				"[18:37:48 | 25:10:2018 | акция] Ставка: 500000$ | Исход: ✅\n",
				"[18:37:50 | 25:10:2018 | акция] Ставка: 500000$ | Исход: ✅\n",
				"[18:37:52 | 25:10:2018 | акция] Ставка: 500000$ | Исход: ❌\n",
				"[18:37:55 | 25:10:2018 | акция] Ставка: 500000$ | Исход: ❌\n",
				"[18:37:58 | 25:10:2018 | акция] Ставка: 500000$ | Исход: ❌\n",
				"[18:38:00 | 25:10:2018 | акция] Ставка: 500000$ | Исход: ❌\n",
				"[18:38:03 | 25:10:2018 | акция] Ставка: 500000$ | Исход: ❌\n",
				"[18:38:07 | 25:10:2018 | акция] Ставка: 500000$ | Исход: ❌\n"
			]
		},
		"158": {
			"log": [
				"[21:44:22 | 30:10:2018 | казино] Ставка: 10000$ | Исход: ❌\n",
				"[21:44:30 | 30:10:2018 | казино] Ставка: 10000$ | Исход: ❌\n",
				"[21:44:38 | 30:10:2018 | казино] Ставка: 10000$ | Исход: ❌\n",
				"[21:44:47 | 30:10:2018 | казино] Ставка: 10000$ | Исход: ❌\n",
				"[21:44:56 | 30:10:2018 | казино] Ставка: 10000$ | Исход: ❌\n",
				"[21:45:05 | 30:10:2018 | казино] Ставка: 10000$ | Исход: ❌\n",
				"[21:45:24 | 30:10:2018 | казино] Ставка: 10000$ | Исход: ❌\n",
				"[21:45:34 | 30:10:2018 | казино] Ставка: 10000$ | Исход: ❌\n",
				"[21:45:47 | 30:10:2018 | казино] Ставка: 10000$ | Исход: ❌\n",
				"[21:45:57 | 30:10:2018 | казино] Ставка: 10000$ | Исход: ❌\n",
				"[21:46:17 | 30:10:2018 | казино] Ставка: 10000$ | Исход: ❌\n",
				"[21:46:26 | 30:10:2018 | казино] Ставка: 10000$ | Исход: ❌\n",
				"[21:46:35 | 30:10:2018 | казино] Ставка: 10000$ | Исход: ❌\n",
				"[21:46:46 | 30:10:2018 | казино] Ставка: 10000$ | Исход: ✅\n"
			]
		},
		"159": {
			"log": [
				"[04:09:24 | 30:10:2018 | казино] Ставка: 989$ | Исход: ❌\n",
				"[04:10:45 | 30:10:2018 | казино] Ставка: 66000$ | Исход: ❌\n",
				"[04:11:01 | 30:10:2018 | казино] Ставка: 914$ | Исход: ❌\n",
				"[14:27:13 | 30:10:2018 | ставка] Ставка: 50000$ | Исход: ✅\n",
				"[14:27:50 | 30:10:2018 | ставка] Ставка: 10000$ | Исход: ❌\n",
				"[14:28:01 | 30:10:2018 | ставка] Ставка: 10000$ | Исход: ✅\n",
				"[14:38:05 | 30:10:2018 | акция] Ставка: 126000$ | Исход: ❌\n",
				"[14:38:29 | 30:10:2018 | акция] Ставка: 90$ | Исход: ✅\n",
				"[14:38:52 | 30:10:2018 | акция] Ставка: 180$ | Исход: ❌\n",
				"[22:27:41 | 30:10:2018 | акция] Ставка: 100000$ | Исход: ✅\n",
				"[22:30:03 | 30:10:2018 | акция] Ставка: 10000$ | Исход: ❌\n",
				"[22:30:11 | 30:10:2018 | акция] Ставка: 100000$ | Исход: ❌\n",
				"[22:30:52 | 30:10:2018 | акция] Ставка: 100000$ | Исход: ❌\n",
				"[22:32:46 | 30:10:2018 | акция] Ставка: 18000$ | Исход: ❌\n"
			]
		},
		"160": {
			"log": [
				"[22:27:13 | 24:10:2018 | акция] Ставка: 60000$ | Исход: ✅\n",
				"[22:27:22 | 24:10:2018 | акция] Ставка: 1000$ | Исход: ❌\n",
				"[22:27:24 | 24:10:2018 | акция] Ставка: 1000$ | Исход: ✅\n",
				"[22:27:30 | 24:10:2018 | акция] Ставка: 5000$ | Исход: ✅\n",
				"[22:27:35 | 24:10:2018 | акция] Ставка: 50000$ | Исход: ❌\n",
				"[22:27:37 | 24:10:2018 | акция] Ставка: 1000$ | Исход: ✅\n",
				"[22:27:47 | 24:10:2018 | акция] Ставка: 60000$ | Исход: ✅\n",
				"[22:27:51 | 24:10:2018 | акция] Ставка: 1000$ | Исход: ✅\n",
				"[22:27:56 | 24:10:2018 | акция] Ставка: 70000$ | Исход: ❌\n",
				"[22:28:00 | 24:10:2018 | акция] Ставка: 1000$ | Исход: ✅\n",
				"[22:28:04 | 24:10:2018 | акция] Ставка: 80000$ | Исход: ✅\n",
				"[22:28:11 | 24:10:2018 | акция] Ставка: 1000$ | Исход: ❌\n",
				"[22:28:13 | 24:10:2018 | акция] Ставка: 1000$ | Исход: ✅\n",
				"[22:28:16 | 24:10:2018 | акция] Ставка: 100000$ | Исход: ✅\n"
			]
		},
		"161": {
			"log": [
				"[23:12:56 | 24:10:2018 | казино] Ставка: 1000$ | Исход: ❌\n",
				"[23:13:42 | 24:10:2018 | акция] Ставка: 5000$ | Исход: ❌\n",
				"[23:13:49 | 24:10:2018 | акция] Ставка: 5000$ | Исход: ❌\n",
				"[23:13:51 | 24:10:2018 | акция] Ставка: 5000$ | Исход: ❌\n",
				"[23:13:57 | 24:10:2018 | акция] Ставка: 5000$ | Исход: ❌\n",
				"[23:14:02 | 24:10:2018 | акция] Ставка: 5000$ | Исход: ❌\n",
				"[23:14:11 | 24:10:2018 | акция] Ставка: 5000$ | Исход: ✅\n",
				"[23:14:16 | 24:10:2018 | акция] Ставка: 5000$ | Исход: ❌\n",
				"[23:14:18 | 24:10:2018 | акция] Ставка: 5000$ | Исход: ❌\n",
				"[23:14:25 | 24:10:2018 | акция] Ставка: 5000$ | Исход: ❌\n",
				"[23:14:31 | 24:10:2018 | акция] Ставка: 5000$ | Исход: ❌\n",
				"[23:14:33 | 24:10:2018 | акция] Ставка: 5000$ | Исход: ❌\n",
				"[23:14:42 | 24:10:2018 | акция] Ставка: 5000$ | Исход: ❌\n"
			]
		},
		"165": {
			"log": [
				"[16:52:31 | 30:10:2018 | казино] Ставка: 777$ | Исход: ❌\n",
				"[16:57:43 | 30:10:2018 | казино] Ставка: 777$ | Исход: ❌\n"
			]
		},
		"196": {
			"log": [
				"[20:59:54 | 28:10:2018 | казино] Ставка: 1$ | Исход: ❌\n",
				"[21:00:00 | 28:10:2018 | казино] Ставка: 1$ | Исход: ❌\n",
				"[21:00:10 | 28:10:2018 | казино] Ставка: 10000$ | Исход: ❌\n",
				"[21:00:19 | 28:10:2018 | казино] Ставка: 20000$ | Исход: ❌\n",
				"[21:00:31 | 28:10:2018 | казино] Ставка: 30000$ | Исход: ❌\n",
				"[21:00:44 | 28:10:2018 | казино] Ставка: 40000$ | Исход: ❌\n",
				"[21:00:53 | 28:10:2018 | казино] Ставка: 50000$ | Исход: ❌\n",
				"[21:01:02 | 28:10:2018 | казино] Ставка: 60000$ | Исход: ✅\n",
				"[16:12:56 | 30:10:2018 | казино] Ставка: 10000$ | Исход: ❌\n",
				"[16:13:09 | 30:10:2018 | казино] Ставка: 10000$ | Исход: ✅\n",
				"[16:13:20 | 30:10:2018 | казино] Ставка: 10000$ | Исход: ❌\n",
				"[16:13:28 | 30:10:2018 | казино] Ставка: 10000$ | Исход: ❌\n",
				"[16:13:36 | 30:10:2018 | казино] Ставка: 10000$ | Исход: ❌\n",
				"[16:13:45 | 30:10:2018 | казино] Ставка: 10000$ | Исход: ✅\n"
			]
		},
		"200": {
			"log": [
				"[13:53:13 | 27:10:2018 | казино] Ставка: 30000$ | Исход: ❌\n",
				"[13:53:27 | 27:10:2018 | казино] Ставка: 40000$ | Исход: ❌\n"
			]
		},
		"219": {
			"log": [
				"[12:47:52 | 28:10:2018 | казино] Ставка: 349000$ | Исход: ✅\n",
				"[12:48:18 | 28:10:2018 | казино] Ставка: 500000$ | Исход: ✅\n",
				"[12:48:29 | 28:10:2018 | казино] Ставка: 500000$ | Исход: ❌\n",
				"[12:48:42 | 28:10:2018 | казино] Ставка: 490000$ | Исход: ❌\n",
				"[13:01:50 | 28:10:2018 | казино] Ставка: 449000$ | Исход: ❌\n",
				"[07:37:48 | 29:10:2018 | казино] Ставка: 777$ | Исход: ❌\n",
				"[07:39:55 | 29:10:2018 | казино] Ставка: 77777$ | Исход: ✅\n",
				"[07:41:02 | 29:10:2018 | казино] Ставка: 20000$ | Исход: ✅\n",
				"[07:41:26 | 29:10:2018 | казино] Ставка: 40000$ | Исход: ❌\n",
				"[07:43:12 | 29:10:2018 | казино] Ставка: 500000$ | Исход: ❌\n",
				"[16:52:08 | 30:10:2018 | казино] Ставка: 77722$ | Исход: ❌\n",
				"[16:54:19 | 30:10:2018 | казино] Ставка: 1538$ | Исход: ❌\n",
				"[16:56:04 | 30:10:2018 | казино] Ставка: 32000$ | Исход: ✅\n",
				"[16:57:07 | 30:10:2018 | казино] Ставка: 777$ | Исход: ❌\n"
			]
		},
		"221": {
			"log": [
				"[16:27:50 | 27:10:2018 | казино] Ставка: 20000$ | Исход: ✅\n",
				"[16:28:09 | 27:10:2018 | казино] Ставка: 40000$ | Исход: ❌\n",
				"[16:28:18 | 27:10:2018 | казино] Ставка: 40000$ | Исход: ❌\n"
			]
		},
		"226": {
			"log": [
				"[06:36:02 | 30:10:2018 | ставка] Ставка: 500000$ | Исход: ❌\n",
				"[06:36:20 | 30:10:2018 | ставка] Ставка: 500000$ | Исход: ❌\n",
				"[06:37:42 | 30:10:2018 | казино] Ставка: 500000$ | Исход: ❌\n",
				"[06:37:47 | 30:10:2018 | казино] Ставка: 500000$ | Исход: ❌\n",
				"[06:38:43 | 30:10:2018 | рандом] Ставка: 20$ | Исход: ❌\n"
			]
		},
		"227": {
			"log": [
				"[11:45:22 | 27:10:2018 | акция] Ставка: 1$ | Исход: ❌\n"
			]
		},
		"230": {
			"log": [
				"[19:14:58 | 27:10:2018 | акция] Ставка: 50000$ | Исход: ✅\n",
				"[19:15:03 | 27:10:2018 | акция] Ставка: 50000$ | Исход: ❌\n",
				"[19:15:06 | 27:10:2018 | акция] Ставка: 50000$ | Исход: ❌\n"
			]
		},
		"235": {
			"log": [
				"[00:19:01 | 28:10:2018 | казино] Ставка: 100000$ | Исход: ❌\n"
			]
		},
		"243": {
			"log": [
				"[21:05:55 | 29:10:2018 | казино] Ставка: 10000$ | Исход: ❌\n",
				"[21:06:07 | 29:10:2018 | казино] Ставка: 10000$ | Исход: ❌\n",
				"[21:06:16 | 29:10:2018 | казино] Ставка: 10000$ | Исход: ❌\n",
				"[21:06:25 | 29:10:2018 | казино] Ставка: 10000$ | Исход: ❌\n",
				"[21:06:34 | 29:10:2018 | казино] Ставка: 10000$ | Исход: ❌\n",
				"[21:06:43 | 29:10:2018 | казино] Ставка: 10000$ | Исход: ❌\n",
				"[21:06:52 | 29:10:2018 | казино] Ставка: 10000$ | Исход: ❌\n",
				"[21:07:01 | 29:10:2018 | казино] Ставка: 10000$ | Исход: ❌\n",
				"[21:07:11 | 29:10:2018 | казино] Ставка: 10000$ | Исход: ❌\n",
				"[21:56:42 | 30:10:2018 | казино] Ставка: 10000$ | Исход: ❌\n",
				"[21:56:50 | 30:10:2018 | казино] Ставка: 10000$ | Исход: ❌\n",
				"[21:56:59 | 30:10:2018 | казино] Ставка: 10000$ | Исход: ❌\n",
				"[21:57:08 | 30:10:2018 | казино] Ставка: 10000$ | Исход: ❌\n",
				"[21:57:16 | 30:10:2018 | казино] Ставка: 10000$ | Исход: ✅\n"
			]
		},
		"246": {
			"log": [
				"[06:07:57 | 29:10:2018 | казино] Ставка: 1000$ | Исход: ❌\n",
				"[06:08:09 | 29:10:2018 | казино] Ставка: 2000$ | Исход: ❌\n",
				"[06:08:18 | 29:10:2018 | казино] Ставка: 2000$ | Исход: ❌\n"
			]
		},
		"256": {
			"log": [
				"[22:12:29 | 30:10:2018 | казино] Ставка: 10000$ | Исход: ✅\n",
				"[22:12:31 | 30:10:2018 | казино] Ставка: 10000$ | Исход: ❌\n",
				"[22:12:40 | 30:10:2018 | казино] Ставка: 40000$ | Исход: ❌\n",
				"[22:12:44 | 30:10:2018 | казино] Ставка: 10000$ | Исход: ❌\n",
				"[22:12:46 | 30:10:2018 | казино] Ставка: 10000$ | Исход: ❌\n",
				"[22:12:48 | 30:10:2018 | казино] Ставка: 10000$ | Исход: ❌\n",
				"[22:12:51 | 30:10:2018 | казино] Ставка: 10000$ | Исход: ❌\n",
				"[22:12:53 | 30:10:2018 | казино] Ставка: 10000$ | Исход: ❌\n",
				"[22:12:55 | 30:10:2018 | казино] Ставка: 10000$ | Исход: ❌\n",
				"[22:12:58 | 30:10:2018 | казино] Ставка: 10000$ | Исход: ✅\n",
				"[22:13:12 | 30:10:2018 | казино] Ставка: 10000$ | Исход: ❌\n",
				"[22:13:14 | 30:10:2018 | казино] Ставка: 10000$ | Исход: ❌\n",
				"[22:13:16 | 30:10:2018 | казино] Ставка: 10000$ | Исход: ❌\n",
				"[22:13:22 | 30:10:2018 | казино] Ставка: 10000$ | Исход: ❌\n"
			]
		},
		"282": {
			"log": [
				"[03:41:15 | 31:10:2018 | казино] Ставка: 50000$ | Исход: ❌\n",
				"[03:45:44 | 31:10:2018 | казино] Ставка: 50000$ | Исход: ✅\n",
				"[03:47:35 | 31:10:2018 | казино] Ставка: 50000$ | Исход: ❌\n",
				"[03:48:04 | 31:10:2018 | казино] Ставка: 50000$ | Исход: ❌\n"
			]
		}
	}
}